timeStamp,elapsed,label,responseCode,responseMessage,threadName,dataType,success,failureMessage,bytes,sentBytes,grpThreads,allThreads,URL,Latency,IdleTime,Connect
1768130009969,971,Soap Request,200,OK,Number of Users 1-2,text,true,,758,557,5,5,https://deckofcardsapi.com/api/deck/new/shuffle/?deck_count=1,968,0,589
1768130010942,502,Soap Request,200,OK,Number of Users 1-2,text,true,,756,557,5,5,https://deckofcardsapi.com/api/deck/new/shuffle/?deck_count=1,501,0,0
1768130010376,1069,Soap Request,200,OK,Number of Users 1-4,text,true,,752,557,5,5,https://deckofcardsapi.com/api/deck/new/shuffle/?deck_count=1,1069,0,181
1768130010169,1277,Soap Request,200,OK,Number of Users 1-3,text,true,,760,557,5,5,https://deckofcardsapi.com/api/deck/new/shuffle/?deck_count=1,1277,0,388
1768130009829,1975,Soap Request,200,OK,Number of Users 1-1,text,true,,758,557,5,5,https://deckofcardsapi.com/api/deck/new/shuffle/?deck_count=1,1975,0,729
1768130011446,407,Soap Request,200,OK,Number of Users 1-2,text,true,,750,557,5,5,https://deckofcardsapi.com/api/deck/new/shuffle/?deck_count=1,407,0,0
1768130010567,1396,Soap Request,200,OK,Number of Users 1-5,text,true,,752,557,5,5,https://deckofcardsapi.com/api/deck/new/shuffle/?deck_count=1,1396,0,143
1768130011805,421,Soap Request,200,OK,Number of Users 1-1,text,true,,758,557,5,5,https://deckofcardsapi.com/api/deck/new/shuffle/?deck_count=1,420,0,0
1768130011855,379,Soap Request,200,OK,Number of Users 1-2,text,true,,752,557,5,5,https://deckofcardsapi.com/api/deck/new/shuffle/?deck_count=1,379,0,0
1768130011447,862,Soap Request,200,OK,Number of Users 1-4,text,true,,758,557,5,5,https://deckofcardsapi.com/api/deck/new/shuffle/?deck_count=1,862,0,0
1768130011448,862,Soap Request,200,OK,Number of Users 1-3,text,true,,752,557,5,5,https://deckofcardsapi.com/api/deck/new/shuffle/?deck_count=1,862,0,0
1768130011964,417,Soap Request,200,OK,Number of Users 1-5,text,true,,756,557,5,5,https://deckofcardsapi.com/api/deck/new/shuffle/?deck_count=1,417,0,0
1768130012236,384,Soap Request,200,OK,Number of Users 1-2,text,true,,750,557,5,5,https://deckofcardsapi.com/api/deck/new/shuffle/?deck_count=1,384,0,0
1768130012227,398,Soap Request,200,OK,Number of Users 1-1,text,true,,750,557,5,5,https://deckofcardsapi.com/api/deck/new/shuffle/?deck_count=1,398,0,0
1768130012382,380,Soap Request,200,OK,Number of Users 1-5,text,true,,760,557,5,5,https://deckofcardsapi.com/api/deck/new/shuffle/?deck_count=1,380,0,0
1768130012621,368,Soap Request,200,OK,Number of Users 1-2,text,true,,752,557,5,5,https://deckofcardsapi.com/api/deck/new/shuffle/?deck_count=1,368,0,0
1768130012625,374,Soap Request,200,OK,Number of Users 1-1,text,true,,754,557,5,5,https://deckofcardsapi.com/api/deck/new/shuffle/?deck_count=1,374,0,0
1768130012311,721,Soap Request,200,OK,Number of Users 1-4,text,true,,758,557,5,5,https://deckofcardsapi.com/api/deck/new/shuffle/?deck_count=1,721,0,0
1768130012311,802,Soap Request,200,OK,Number of Users 1-3,text,true,,754,557,5,5,https://deckofcardsapi.com/api/deck/new/shuffle/?deck_count=1,802,0,0
1768130012763,363,Soap Request,200,OK,Number of Users 1-5,text,true,,756,557,5,5,https://deckofcardsapi.com/api/deck/new/shuffle/?deck_count=1,363,0,0
1768130012990,371,Soap Request,200,OK,Number of Users 1-2,text,true,,750,557,5,5,https://deckofcardsapi.com/api/deck/new/shuffle/?deck_count=1,371,0,0
1768130012999,383,Soap Request,200,OK,Number of Users 1-1,text,true,,756,557,5,5,https://deckofcardsapi.com/api/deck/new/shuffle/?deck_count=1,383,0,0
1768130013127,384,Soap Request,200,OK,Number of Users 1-5,text,true,,754,557,5,5,https://deckofcardsapi.com/api/deck/new/shuffle/?deck_count=1,384,0,0
1768130013362,379,Soap Request,200,OK,Number of Users 1-2,text,true,,754,557,5,5,https://deckofcardsapi.com/api/deck/new/shuffle/?deck_count=1,379,0,0
1768130013383,382,Soap Request,200,OK,Number of Users 1-1,text,true,,750,557,5,5,https://deckofcardsapi.com/api/deck/new/shuffle/?deck_count=1,382,0,0
1768130013032,834,Soap Request,200,OK,Number of Users 1-4,text,true,,760,557,5,5,https://deckofcardsapi.com/api/deck/new/shuffle/?deck_count=1,833,0,0
1768130013512,381,Soap Request,200,OK,Number of Users 1-5,text,true,,760,557,5,5,https://deckofcardsapi.com/api/deck/new/shuffle/?deck_count=1,381,0,0
1768130013114,843,Soap Request,200,OK,Number of Users 1-3,text,true,,752,557,5,5,https://deckofcardsapi.com/api/deck/new/shuffle/?deck_count=1,843,0,0
1768130013742,375,Soap Request,200,OK,Number of Users 1-2,text,true,,752,557,5,5,https://deckofcardsapi.com/api/deck/new/shuffle/?deck_count=1,375,0,0
1768130013766,382,Soap Request,200,OK,Number of Users 1-1,text,true,,756,557,5,5,https://deckofcardsapi.com/api/deck/new/shuffle/?deck_count=1,382,0,0
1768130013894,469,Soap Request,200,OK,Number of Users 1-5,text,true,,756,557,5,5,https://deckofcardsapi.com/api/deck/new/shuffle/?deck_count=1,469,0,0
1768130014118,375,Soap Request,200,OK,Number of Users 1-2,text,true,,754,557,5,5,https://deckofcardsapi.com/api/deck/new/shuffle/?deck_count=1,375,0,0
1768130014149,372,Soap Request,200,OK,Number of Users 1-1,text,true,,752,557,5,5,https://deckofcardsapi.com/api/deck/new/shuffle/?deck_count=1,372,0,0
1768130013867,755,Soap Request,200,OK,Number of Users 1-4,text,true,,754,557,5,5,https://deckofcardsapi.com/api/deck/new/shuffle/?deck_count=1,754,0,0
1768130014364,377,Soap Request,200,OK,Number of Users 1-5,text,true,,756,557,5,5,https://deckofcardsapi.com/api/deck/new/shuffle/?deck_count=1,377,0,0
1768130013958,833,Soap Request,200,OK,Number of Users 1-3,text,true,,750,557,5,5,https://deckofcardsapi.com/api/deck/new/shuffle/?deck_count=1,833,0,0
1768130014494,369,Soap Request,200,OK,Number of Users 1-2,text,true,,752,557,5,5,https://deckofcardsapi.com/api/deck/new/shuffle/?deck_count=1,368,0,0
1768130014523,371,Soap Request,200,OK,Number of Users 1-1,text,true,,750,557,5,5,https://deckofcardsapi.com/api/deck/new/shuffle/?deck_count=1,371,0,0
1768130014623,341,Soap Request,200,OK,Number of Users 1-4,text,true,,754,557,5,5,https://deckofcardsapi.com/api/deck/new/shuffle/?deck_count=1,341,0,0
1768130014743,374,Soap Request,200,OK,Number of Users 1-5,text,true,,758,557,5,5,https://deckofcardsapi.com/api/deck/new/shuffle/?deck_count=1,374,0,0
1768130014865,373,Soap Request,200,OK,Number of Users 1-2,text,true,,756,557,5,5,https://deckofcardsapi.com/api/deck/new/shuffle/?deck_count=1,373,0,0
1768130014895,375,Soap Request,200,OK,Number of Users 1-1,text,true,,750,557,5,5,https://deckofcardsapi.com/api/deck/new/shuffle/?deck_count=1,375,0,0
1768130015118,380,Soap Request,200,OK,Number of Users 1-5,text,true,,762,557,5,5,https://deckofcardsapi.com/api/deck/new/shuffle/?deck_count=1,380,0,0
1768130014965,658,Soap Request,200,OK,Number of Users 1-4,text,true,,756,557,5,5,https://deckofcardsapi.com/api/deck/new/shuffle/?deck_count=1,658,0,0
1768130014793,830,Soap Request,200,OK,Number of Users 1-3,text,true,,752,557,5,5,https://deckofcardsapi.com/api/deck/new/shuffle/?deck_count=1,830,0,0
1768130015239,384,Soap Request,200,OK,Number of Users 1-2,text,true,,750,557,5,5,https://deckofcardsapi.com/api/deck/new/shuffle/?deck_count=1,384,0,0
1768130015271,384,Soap Request,200,OK,Number of Users 1-1,text,true,,752,557,5,5,https://deckofcardsapi.com/api/deck/new/shuffle/?deck_count=1,384,0,0
1768130015499,379,Soap Request,200,OK,Number of Users 1-5,text,true,,760,557,5,5,https://deckofcardsapi.com/api/deck/new/shuffle/?deck_count=1,379,0,0
1768130015624,379,Soap Request,200,OK,Number of Users 1-4,text,true,,758,557,5,5,https://deckofcardsapi.com/api/deck/new/shuffle/?deck_count=1,379,0,0
1768130015624,418,Soap Request,200,OK,Number of Users 1-2,text,true,,762,557,5,5,https://deckofcardsapi.com/api/deck/new/shuffle/?deck_count=1,418,0,0
1768130015655,409,Soap Request,200,OK,Number of Users 1-1,text,true,,750,557,5,5,https://deckofcardsapi.com/api/deck/new/shuffle/?deck_count=1,409,0,0
1768130015879,380,Soap Request,200,OK,Number of Users 1-5,text,true,,752,557,5,5,https://deckofcardsapi.com/api/deck/new/shuffle/?deck_count=1,380,0,0
1768130015624,723,Soap Request,200,OK,Number of Users 1-3,text,true,,752,557,5,5,https://deckofcardsapi.com/api/deck/new/shuffle/?deck_count=1,723,0,0
1768130016043,380,Soap Request,200,OK,Number of Users 1-2,text,true,,748,557,5,5,https://deckofcardsapi.com/api/deck/new/shuffle/?deck_count=1,380,0,0
1768130016064,380,Soap Request,200,OK,Number of Users 1-1,text,true,,760,557,5,5,https://deckofcardsapi.com/api/deck/new/shuffle/?deck_count=1,380,0,0
1768130016259,378,Soap Request,200,OK,Number of Users 1-5,text,true,,750,557,5,5,https://deckofcardsapi.com/api/deck/new/shuffle/?deck_count=1,378,0,0
1768130016424,367,Soap Request,200,OK,Number of Users 1-2,text,true,,756,557,5,5,https://deckofcardsapi.com/api/deck/new/shuffle/?deck_count=1,367,0,0
1768130016445,367,Soap Request,200,OK,Number of Users 1-1,text,true,,752,557,5,5,https://deckofcardsapi.com/api/deck/new/shuffle/?deck_count=1,367,0,0
1768130016638,364,Soap Request,200,OK,Number of Users 1-5,text,true,,750,557,5,5,https://deckofcardsapi.com/api/deck/new/shuffle/?deck_count=1,364,0,0
1768130016348,786,Soap Request,200,OK,Number of Users 1-3,text,true,,754,557,5,5,https://deckofcardsapi.com/api/deck/new/shuffle/?deck_count=1,786,0,0
1768130016004,1132,Soap Request,200,OK,Number of Users 1-4,text,true,,754,557,5,5,https://deckofcardsapi.com/api/deck/new/shuffle/?deck_count=1,1132,0,0
1768130016792,378,Soap Request,200,OK,Number of Users 1-2,text,true,,760,557,5,5,https://deckofcardsapi.com/api/deck/new/shuffle/?deck_count=1,378,0,0
1768130016813,376,Soap Request,200,OK,Number of Users 1-1,text,true,,752,557,5,5,https://deckofcardsapi.com/api/deck/new/shuffle/?deck_count=1,376,0,0
1768130017002,449,Soap Request,200,OK,Number of Users 1-5,text,true,,756,557,5,5,https://deckofcardsapi.com/api/deck/new/shuffle/?deck_count=1,449,0,0
1768130017170,362,Soap Request,200,OK,Number of Users 1-2,text,true,,750,557,5,5,https://deckofcardsapi.com/api/deck/new/shuffle/?deck_count=1,362,0,0
1768130017190,386,Soap Request,200,OK,Number of Users 1-1,text,true,,752,557,5,5,https://deckofcardsapi.com/api/deck/new/shuffle/?deck_count=1,386,0,0
1768130017135,659,Soap Request,200,OK,Number of Users 1-3,text,true,,754,557,5,5,https://deckofcardsapi.com/api/deck/new/shuffle/?deck_count=1,659,0,0
1768130017136,674,Soap Request,200,OK,Number of Users 1-4,text,true,,756,557,5,5,https://deckofcardsapi.com/api/deck/new/shuffle/?deck_count=1,674,0,0
1768130017452,363,Soap Request,200,OK,Number of Users 1-5,text,true,,752,557,5,5,https://deckofcardsapi.com/api/deck/new/shuffle/?deck_count=1,363,0,0
1768130017533,357,Soap Request,200,OK,Number of Users 1-2,text,true,,750,557,5,5,https://deckofcardsapi.com/api/deck/new/shuffle/?deck_count=1,357,0,0
1768130017577,393,Soap Request,200,OK,Number of Users 1-1,text,true,,754,557,5,5,https://deckofcardsapi.com/api/deck/new/shuffle/?deck_count=1,393,0,0
1768130017816,384,Soap Request,200,OK,Number of Users 1-5,text,true,,754,557,5,5,https://deckofcardsapi.com/api/deck/new/shuffle/?deck_count=1,384,0,0
1768130017891,360,Soap Request,200,OK,Number of Users 1-2,text,true,,750,557,5,5,https://deckofcardsapi.com/api/deck/new/shuffle/?deck_count=1,360,0,0
1768130017971,355,Soap Request,200,OK,Number of Users 1-1,text,true,,760,557,5,5,https://deckofcardsapi.com/api/deck/new/shuffle/?deck_count=1,355,0,0
1768130018201,356,Soap Request,200,OK,Number of Users 1-5,text,true,,754,557,5,5,https://deckofcardsapi.com/api/deck/new/shuffle/?deck_count=1,356,0,0
1768130018252,355,Soap Request,200,OK,Number of Users 1-2,text,true,,750,557,5,5,https://deckofcardsapi.com/api/deck/new/shuffle/?deck_count=1,355,0,0
1768130017795,828,Soap Request,200,OK,Number of Users 1-3,text,true,,754,557,5,5,https://deckofcardsapi.com/api/deck/new/shuffle/?deck_count=1,828,0,0
1768130017810,847,Soap Request,200,OK,Number of Users 1-4,text,true,,752,557,5,5,https://deckofcardsapi.com/api/deck/new/shuffle/?deck_count=1,847,0,0
1768130018327,358,Soap Request,200,OK,Number of Users 1-1,text,true,,756,557,5,5,https://deckofcardsapi.com/api/deck/new/shuffle/?deck_count=1,357,0,0
1768130018558,372,Soap Request,200,OK,Number of Users 1-5,text,true,,762,557,5,5,https://deckofcardsapi.com/api/deck/new/shuffle/?deck_count=1,372,0,0
1768130018608,366,Soap Request,200,OK,Number of Users 1-2,text,true,,754,557,5,5,https://deckofcardsapi.com/api/deck/new/shuffle/?deck_count=1,366,0,0
1768130018686,356,Soap Request,200,OK,Number of Users 1-1,text,true,,754,557,5,5,https://deckofcardsapi.com/api/deck/new/shuffle/?deck_count=1,356,0,0
1768130018931,358,Soap Request,200,OK,Number of Users 1-5,text,true,,750,557,5,5,https://deckofcardsapi.com/api/deck/new/shuffle/?deck_count=1,358,0,0
1768130018975,359,Soap Request,200,OK,Number of Users 1-2,text,true,,756,557,5,5,https://deckofcardsapi.com/api/deck/new/shuffle/?deck_count=1,359,0,0
1768130019042,358,Soap Request,200,OK,Number of Users 1-1,text,true,,754,557,5,5,https://deckofcardsapi.com/api/deck/new/shuffle/?deck_count=1,358,0,0
1768130018624,849,Soap Request,200,OK,Number of Users 1-3,text,true,,758,557,5,5,https://deckofcardsapi.com/api/deck/new/shuffle/?deck_count=1,848,0,0
1768130018658,824,Soap Request,200,OK,Number of Users 1-4,text,true,,752,557,5,5,https://deckofcardsapi.com/api/deck/new/shuffle/?deck_count=1,824,0,0
1768130019290,361,Soap Request,200,OK,Number of Users 1-5,text,true,,760,557,5,5,https://deckofcardsapi.com/api/deck/new/shuffle/?deck_count=1,361,0,0
1768130019335,360,Soap Request,200,OK,Number of Users 1-2,text,true,,758,557,5,5,https://deckofcardsapi.com/api/deck/new/shuffle/?deck_count=1,360,0,0
1768130019400,365,Soap Request,200,OK,Number of Users 1-1,text,true,,758,557,5,5,https://deckofcardsapi.com/api/deck/new/shuffle/?deck_count=1,365,0,0
1768130019483,360,Soap Request,200,OK,Number of Users 1-4,text,true,,758,557,5,5,https://deckofcardsapi.com/api/deck/new/shuffle/?deck_count=1,360,0,0
1768130019652,361,Soap Request,200,OK,Number of Users 1-5,text,true,,752,557,5,5,https://deckofcardsapi.com/api/deck/new/shuffle/?deck_count=1,361,0,0
1768130019696,350,Soap Request,200,OK,Number of Users 1-2,text,true,,750,557,5,5,https://deckofcardsapi.com/api/deck/new/shuffle/?deck_count=1,350,0,0
1768130019766,358,Soap Request,200,OK,Number of Users 1-1,text,true,,756,557,5,5,https://deckofcardsapi.com/api/deck/new/shuffle/?deck_count=1,357,0,0
1768130019473,834,Soap Request,200,OK,Number of Users 1-3,text,true,,754,557,5,5,https://deckofcardsapi.com/api/deck/new/shuffle/?deck_count=1,834,0,0
1768130020014,365,Soap Request,200,OK,Number of Users 1-5,text,true,,752,557,5,5,https://deckofcardsapi.com/api/deck/new/shuffle/?deck_count=1,365,0,0
1768130020047,356,Soap Request,200,OK,Number of Users 1-2,text,true,,748,557,5,5,https://deckofcardsapi.com/api/deck/new/shuffle/?deck_count=1,356,0,0
1768130020124,361,Soap Request,200,OK,Number of Users 1-1,text,true,,752,557,5,5,https://deckofcardsapi.com/api/deck/new/shuffle/?deck_count=1,361,0,0
1768130019844,791,Soap Request,200,OK,Number of Users 1-4,text,true,,756,557,5,5,https://deckofcardsapi.com/api/deck/new/shuffle/?deck_count=1,791,0,0
1768130020380,350,Soap Request,200,OK,Number of Users 1-5,text,true,,760,557,5,5,https://deckofcardsapi.com/api/deck/new/shuffle/?deck_count=1,350,0,0
1768130020404,346,Soap Request,200,OK,Number of Users 1-2,text,true,,752,557,5,5,https://deckofcardsapi.com/api/deck/new/shuffle/?deck_count=1,346,0,0
1768130020485,349,Soap Request,200,OK,Number of Users 1-1,text,true,,752,557,5,5,https://deckofcardsapi.com/api/deck/new/shuffle/?deck_count=1,349,0,0
1768130020308,735,Soap Request,200,OK,Number of Users 1-3,text,true,,756,557,5,5,https://deckofcardsapi.com/api/deck/new/shuffle/?deck_count=1,735,0,0
1768130020731,339,Soap Request,200,OK,Number of Users 1-5,text,true,,756,557,5,5,https://deckofcardsapi.com/api/deck/new/shuffle/?deck_count=1,339,0,0
1768130020751,334,Soap Request,200,OK,Number of Users 1-2,text,true,,762,557,5,5,https://deckofcardsapi.com/api/deck/new/shuffle/?deck_count=1,334,0,0
1768130020835,331,Soap Request,200,OK,Number of Users 1-1,text,true,,756,557,5,5,https://deckofcardsapi.com/api/deck/new/shuffle/?deck_count=1,331,0,0
1768130021071,347,Soap Request,200,OK,Number of Users 1-5,text,true,,758,557,5,5,https://deckofcardsapi.com/api/deck/new/shuffle/?deck_count=1,347,0,0
1768130021086,338,Soap Request,200,OK,Number of Users 1-2,text,true,,752,557,5,5,https://deckofcardsapi.com/api/deck/new/shuffle/?deck_count=1,338,0,0
1768130021166,334,Soap Request,200,OK,Number of Users 1-1,text,true,,754,557,5,5,https://deckofcardsapi.com/api/deck/new/shuffle/?deck_count=1,334,0,0
1768130021420,347,Soap Request,200,OK,Number of Users 1-5,text,true,,754,557,5,5,https://deckofcardsapi.com/api/deck/new/shuffle/?deck_count=1,347,0,0
1768130021424,345,Soap Request,200,OK,Number of Users 1-2,text,true,,764,557,5,5,https://deckofcardsapi.com/api/deck/new/shuffle/?deck_count=1,345,0,0
1768130021044,791,Soap Request,200,OK,Number of Users 1-3,text,true,,754,557,5,5,https://deckofcardsapi.com/api/deck/new/shuffle/?deck_count=1,791,0,0
1768130021500,348,Soap Request,200,OK,Number of Users 1-1,text,true,,758,557,5,5,https://deckofcardsapi.com/api/deck/new/shuffle/?deck_count=1,348,0,0
1768130021768,382,Soap Request,200,OK,Number of Users 1-5,text,true,,750,557,5,5,https://deckofcardsapi.com/api/deck/new/shuffle/?deck_count=1,382,0,0
1768130021769,381,Soap Request,200,OK,Number of Users 1-2,text,true,,752,557,5,5,https://deckofcardsapi.com/api/deck/new/shuffle/?deck_count=1,381,0,0
1768130021848,371,Soap Request,200,OK,Number of Users 1-1,text,true,,760,557,5,5,https://deckofcardsapi.com/api/deck/new/shuffle/?deck_count=1,371,0,0
1768130022151,360,Soap Request,200,OK,Number of Users 1-2,text,true,,754,557,5,5,https://deckofcardsapi.com/api/deck/new/shuffle/?deck_count=1,360,0,0
1768130022151,361,Soap Request,200,OK,Number of Users 1-5,text,true,,754,557,5,5,https://deckofcardsapi.com/api/deck/new/shuffle/?deck_count=1,360,0,0
1768130022219,364,Soap Request,200,OK,Number of Users 1-1,text,true,,752,557,5,5,https://deckofcardsapi.com/api/deck/new/shuffle/?deck_count=1,364,0,0
1768130021836,845,Soap Request,200,OK,Number of Users 1-3,text,true,,752,557,5,5,https://deckofcardsapi.com/api/deck/new/shuffle/?deck_count=1,845,0,0
1768130022512,373,Soap Request,200,OK,Number of Users 1-5,text,true,,756,557,5,5,https://deckofcardsapi.com/api/deck/new/shuffle/?deck_count=1,373,0,0
1768130022512,374,Soap Request,200,OK,Number of Users 1-2,text,true,,758,557,5,5,https://deckofcardsapi.com/api/deck/new/shuffle/?deck_count=1,374,0,0
1768130022584,371,Soap Request,200,OK,Number of Users 1-1,text,true,,758,557,5,5,https://deckofcardsapi.com/api/deck/new/shuffle/?deck_count=1,371,0,0
1768130020635,2567,Soap Request,200,OK,Number of Users 1-4,text,true,,756,557,5,5,https://deckofcardsapi.com/api/deck/new/shuffle/?deck_count=1,2567,0,0
1768130022886,389,Soap Request,200,OK,Number of Users 1-5,text,true,,754,557,5,5,https://deckofcardsapi.com/api/deck/new/shuffle/?deck_count=1,389,0,0
1768130022887,388,Soap Request,200,OK,Number of Users 1-2,text,true,,754,557,5,5,https://deckofcardsapi.com/api/deck/new/shuffle/?deck_count=1,388,0,0
1768130022956,416,Soap Request,200,OK,Number of Users 1-1,text,true,,758,557,5,5,https://deckofcardsapi.com/api/deck/new/shuffle/?deck_count=1,416,0,0
1768130023276,422,Soap Request,200,OK,Number of Users 1-5,text,true,,752,557,5,5,https://deckofcardsapi.com/api/deck/new/shuffle/?deck_count=1,422,0,0
1768130023278,422,Soap Request,200,OK,Number of Users 1-2,text,true,,758,557,5,5,https://deckofcardsapi.com/api/deck/new/shuffle/?deck_count=1,421,0,0
1768130022682,1016,Soap Request,200,OK,Number of Users 1-3,text,true,,752,557,5,5,https://deckofcardsapi.com/api/deck/new/shuffle/?deck_count=1,1016,0,0
1768130023372,401,Soap Request,200,OK,Number of Users 1-1,text,true,,754,557,5,5,https://deckofcardsapi.com/api/deck/new/shuffle/?deck_count=1,401,0,0
1768130023202,824,Soap Request,200,OK,Number of Users 1-4,text,true,,754,557,5,5,https://deckofcardsapi.com/api/deck/new/shuffle/?deck_count=1,824,0,0
1768130023701,384,Soap Request,200,OK,Number of Users 1-5,text,true,,762,557,5,5,https://deckofcardsapi.com/api/deck/new/shuffle/?deck_count=1,384,0,0
1768130023702,383,Soap Request,200,OK,Number of Users 1-2,text,true,,750,557,5,5,https://deckofcardsapi.com/api/deck/new/shuffle/?deck_count=1,383,0,0
1768130023773,379,Soap Request,200,OK,Number of Users 1-1,text,true,,752,557,5,5,https://deckofcardsapi.com/api/deck/new/shuffle/?deck_count=1,379,0,0
1768130023701,567,Soap Request,200,OK,Number of Users 1-3,text,true,,756,557,5,5,https://deckofcardsapi.com/api/deck/new/shuffle/?deck_count=1,567,0,0
1768130024086,375,Soap Request,200,OK,Number of Users 1-2,text,true,,754,557,5,5,https://deckofcardsapi.com/api/deck/new/shuffle/?deck_count=1,375,0,0
1768130024086,386,Soap Request,200,OK,Number of Users 1-5,text,true,,754,557,5,5,https://deckofcardsapi.com/api/deck/new/shuffle/?deck_count=1,386,0,0
1768130024153,369,Soap Request,200,OK,Number of Users 1-1,text,true,,756,557,5,5,https://deckofcardsapi.com/api/deck/new/shuffle/?deck_count=1,369,0,0
1768130024027,649,Soap Request,200,OK,Number of Users 1-4,text,true,,754,557,5,5,https://deckofcardsapi.com/api/deck/new/shuffle/?deck_count=1,649,0,0
1768130024461,378,Soap Request,200,OK,Number of Users 1-2,text,true,,750,557,5,5,https://deckofcardsapi.com/api/deck/new/shuffle/?deck_count=1,378,0,0
1768130024473,383,Soap Request,200,OK,Number of Users 1-5,text,true,,748,557,5,5,https://deckofcardsapi.com/api/deck/new/shuffle/?deck_count=1,383,0,0
1768130024523,387,Soap Request,200,OK,Number of Users 1-1,text,true,,752,557,5,5,https://deckofcardsapi.com/api/deck/new/shuffle/?deck_count=1,387,0,0
1768130024676,334,Soap Request,200,OK,Number of Users 1-4,text,true,,750,557,5,5,https://deckofcardsapi.com/api/deck/new/shuffle/?deck_count=1,333,0,0
1768130024269,800,Soap Request,200,OK,Number of Users 1-3,text,true,,758,557,5,5,https://deckofcardsapi.com/api/deck/new/shuffle/?deck_count=1,800,0,0
1768130024840,421,Soap Request,200,OK,Number of Users 1-2,text,true,,754,557,5,5,https://deckofcardsapi.com/api/deck/new/shuffle/?deck_count=1,421,0,0
1768130024857,404,Soap Request,200,OK,Number of Users 1-5,text,true,,760,557,5,5,https://deckofcardsapi.com/api/deck/new/shuffle/?deck_count=1,404,0,0
1768130024911,384,Soap Request,200,OK,Number of Users 1-1,text,true,,750,557,5,5,https://deckofcardsapi.com/api/deck/new/shuffle/?deck_count=1,384,0,0
1768130025262,383,Soap Request,200,OK,Number of Users 1-2,text,true,,758,557,5,5,https://deckofcardsapi.com/api/deck/new/shuffle/?deck_count=1,383,0,0
1768130025262,400,Soap Request,200,OK,Number of Users 1-5,text,true,,754,557,5,5,https://deckofcardsapi.com/api/deck/new/shuffle/?deck_count=1,400,0,0
1768130025296,381,Soap Request,200,OK,Number of Users 1-1,text,true,,752,557,5,5,https://deckofcardsapi.com/api/deck/new/shuffle/?deck_count=1,381,0,0
1768130025010,843,Soap Request,200,OK,Number of Users 1-4,text,true,,754,557,5,5,https://deckofcardsapi.com/api/deck/new/shuffle/?deck_count=1,843,0,0
1768130025070,814,Soap Request,200,OK,Number of Users 1-3,text,true,,758,557,5,5,https://deckofcardsapi.com/api/deck/new/shuffle/?deck_count=1,814,0,0
1768130025646,366,Soap Request,200,OK,Number of Users 1-2,text,true,,758,557,5,5,https://deckofcardsapi.com/api/deck/new/shuffle/?deck_count=1,366,0,0
1768130025663,367,Soap Request,200,OK,Number of Users 1-5,text,true,,758,557,5,5,https://deckofcardsapi.com/api/deck/new/shuffle/?deck_count=1,367,0,0
1768130025677,369,Soap Request,200,OK,Number of Users 1-1,text,true,,760,557,5,5,https://deckofcardsapi.com/api/deck/new/shuffle/?deck_count=1,369,0,0
1768130026012,456,Soap Request,200,OK,Number of Users 1-2,text,true,,752,557,5,5,https://deckofcardsapi.com/api/deck/new/shuffle/?deck_count=1,456,0,0
1768130026047,421,Soap Request,200,OK,Number of Users 1-1,text,true,,748,557,5,5,https://deckofcardsapi.com/api/deck/new/shuffle/?deck_count=1,421,0,0
1768130026030,438,Soap Request,200,OK,Number of Users 1-5,text,true,,756,557,5,5,https://deckofcardsapi.com/api/deck/new/shuffle/?deck_count=1,438,0,0
1768130025885,717,Soap Request,200,OK,Number of Users 1-3,text,true,,752,557,5,5,https://deckofcardsapi.com/api/deck/new/shuffle/?deck_count=1,717,0,0
1768130025854,826,Soap Request,200,OK,Number of Users 1-4,text,true,,754,557,5,5,https://deckofcardsapi.com/api/deck/new/shuffle/?deck_count=1,826,0,0
1768130026469,427,Soap Request,200,OK,Number of Users 1-5,text,true,,754,557,5,5,https://deckofcardsapi.com/api/deck/new/shuffle/?deck_count=1,427,0,0
1768130026469,427,Soap Request,200,OK,Number of Users 1-2,text,true,,752,557,5,5,https://deckofcardsapi.com/api/deck/new/shuffle/?deck_count=1,427,0,0
1768130026469,428,Soap Request,200,OK,Number of Users 1-1,text,true,,756,557,5,5,https://deckofcardsapi.com/api/deck/new/shuffle/?deck_count=1,428,0,0
1768130026681,346,Soap Request,200,OK,Number of Users 1-4,text,true,,754,557,5,5,https://deckofcardsapi.com/api/deck/new/shuffle/?deck_count=1,346,0,0
1768130026897,389,Soap Request,200,OK,Number of Users 1-2,text,true,,756,557,5,5,https://deckofcardsapi.com/api/deck/new/shuffle/?deck_count=1,389,0,0
1768130026897,389,Soap Request,200,OK,Number of Users 1-5,text,true,,756,557,5,5,https://deckofcardsapi.com/api/deck/new/shuffle/?deck_count=1,389,0,0
1768130026897,402,Soap Request,200,OK,Number of Users 1-1,text,true,,758,557,5,5,https://deckofcardsapi.com/api/deck/new/shuffle/?deck_count=1,402,0,0
1768130026603,812,Soap Request,200,OK,Number of Users 1-3,text,true,,756,557,5,5,https://deckofcardsapi.com/api/deck/new/shuffle/?deck_count=1,812,0,0
1768130027286,378,Soap Request,200,OK,Number of Users 1-5,text,true,,752,557,5,5,https://deckofcardsapi.com/api/deck/new/shuffle/?deck_count=1,378,0,0
1768130027286,378,Soap Request,200,OK,Number of Users 1-2,text,true,,748,557,5,5,https://deckofcardsapi.com/api/deck/new/shuffle/?deck_count=1,378,0,0
1768130027300,378,Soap Request,200,OK,Number of Users 1-1,text,true,,750,557,5,5,https://deckofcardsapi.com/api/deck/new/shuffle/?deck_count=1,378,0,0
1768130027028,837,Soap Request,200,OK,Number of Users 1-4,text,true,,756,557,5,5,https://deckofcardsapi.com/api/deck/new/shuffle/?deck_count=1,837,0,0
1768130027416,639,Soap Request,200,OK,Number of Users 1-3,text,true,,752,557,5,5,https://deckofcardsapi.com/api/deck/new/shuffle/?deck_count=1,639,0,0
1768130027665,391,Soap Request,200,OK,Number of Users 1-2,text,true,,754,557,5,5,https://deckofcardsapi.com/api/deck/new/shuffle/?deck_count=1,391,0,0
1768130027665,401,Soap Request,200,OK,Number of Users 1-5,text,true,,754,557,5,5,https://deckofcardsapi.com/api/deck/new/shuffle/?deck_count=1,401,0,0
1768130027679,393,Soap Request,200,OK,Number of Users 1-1,text,true,,758,557,5,5,https://deckofcardsapi.com/api/deck/new/shuffle/?deck_count=1,393,0,0
1768130027865,336,Soap Request,200,OK,Number of Users 1-4,text,true,,754,557,5,5,https://deckofcardsapi.com/api/deck/new/shuffle/?deck_count=1,336,0,0
1768130028056,394,Soap Request,200,OK,Number of Users 1-2,text,true,,754,557,5,5,https://deckofcardsapi.com/api/deck/new/shuffle/?deck_count=1,394,0,0
1768130028067,406,Soap Request,200,OK,Number of Users 1-5,text,true,,758,557,5,5,https://deckofcardsapi.com/api/deck/new/shuffle/?deck_count=1,406,0,0
1768130028072,404,Soap Request,200,OK,Number of Users 1-1,text,true,,754,557,5,5,https://deckofcardsapi.com/api/deck/new/shuffle/?deck_count=1,404,0,0
1768130028201,545,Soap Request,200,OK,Number of Users 1-4,text,true,,750,557,5,5,https://deckofcardsapi.com/api/deck/new/shuffle/?deck_count=1,544,0,0
1768130028451,351,Soap Request,200,OK,Number of Users 1-2,text,true,,752,557,5,5,https://deckofcardsapi.com/api/deck/new/shuffle/?deck_count=1,351,0,0
1768130028473,364,Soap Request,200,OK,Number of Users 1-5,text,true,,752,557,5,5,https://deckofcardsapi.com/api/deck/new/shuffle/?deck_count=1,364,0,0
1768130028477,371,Soap Request,200,OK,Number of Users 1-1,text,true,,764,557,5,5,https://deckofcardsapi.com/api/deck/new/shuffle/?deck_count=1,371,0,0
1768130028056,901,Soap Request,200,OK,Number of Users 1-3,text,true,,762,557,5,5,https://deckofcardsapi.com/api/deck/new/shuffle/?deck_count=1,901,0,0
1768130028803,367,Soap Request,200,OK,Number of Users 1-2,text,true,,754,557,5,5,https://deckofcardsapi.com/api/deck/new/shuffle/?deck_count=1,367,0,0
1768130028838,363,Soap Request,200,OK,Number of Users 1-5,text,true,,758,557,5,5,https://deckofcardsapi.com/api/deck/new/shuffle/?deck_count=1,363,0,0
1768130028849,368,Soap Request,200,OK,Number of Users 1-1,text,true,,756,557,5,5,https://deckofcardsapi.com/api/deck/new/shuffle/?deck_count=1,368,0,0
1768130029171,366,Soap Request,200,OK,Number of Users 1-2,text,true,,760,557,5,5,https://deckofcardsapi.com/api/deck/new/shuffle/?deck_count=1,366,0,0
1768130029202,370,Soap Request,200,OK,Number of Users 1-5,text,true,,754,557,5,5,https://deckofcardsapi.com/api/deck/new/shuffle/?deck_count=1,370,0,0
1768130028746,894,Soap Request,200,OK,Number of Users 1-4,text,true,,756,557,5,5,https://deckofcardsapi.com/api/deck/new/shuffle/?deck_count=1,894,0,0
1768130029217,423,Soap Request,200,OK,Number of Users 1-1,text,true,,756,557,5,5,https://deckofcardsapi.com/api/deck/new/shuffle/?deck_count=1,423,0,0
1768130028958,835,Soap Request,200,OK,Number of Users 1-3,text,true,,750,557,5,5,https://deckofcardsapi.com/api/deck/new/shuffle/?deck_count=1,835,0,0
1768130029537,363,Soap Request,200,OK,Number of Users 1-2,text,true,,758,557,5,5,https://deckofcardsapi.com/api/deck/new/shuffle/?deck_count=1,363,0,0
1768130029572,374,Soap Request,200,OK,Number of Users 1-5,text,true,,760,557,5,5,https://deckofcardsapi.com/api/deck/new/shuffle/?deck_count=1,374,0,0
1768130029640,388,Soap Request,200,OK,Number of Users 1-1,text,true,,756,557,5,5,https://deckofcardsapi.com/api/deck/new/shuffle/?deck_count=1,388,0,0
1768130029900,371,Soap Request,200,OK,Number of Users 1-2,text,true,,754,557,5,5,https://deckofcardsapi.com/api/deck/new/shuffle/?deck_count=1,371,0,0
1768130029794,505,Soap Request,200,OK,Number of Users 1-3,text,true,,758,557,5,5,https://deckofcardsapi.com/api/deck/new/shuffle/?deck_count=1,504,0,0
1768130029947,381,Soap Request,200,OK,Number of Users 1-5,text,true,,754,557,5,5,https://deckofcardsapi.com/api/deck/new/shuffle/?deck_count=1,381,0,0
1768130030029,392,Soap Request,200,OK,Number of Users 1-1,text,true,,754,557,5,5,https://deckofcardsapi.com/api/deck/new/shuffle/?deck_count=1,391,0,0
1768130029640,853,Soap Request,200,OK,Number of Users 1-4,text,true,,756,557,5,5,https://deckofcardsapi.com/api/deck/new/shuffle/?deck_count=1,853,0,0
1768130030271,375,Soap Request,200,OK,Number of Users 1-2,text,true,,754,557,5,5,https://deckofcardsapi.com/api/deck/new/shuffle/?deck_count=1,375,0,0
1768130030328,377,Soap Request,200,OK,Number of Users 1-5,text,true,,754,557,5,5,https://deckofcardsapi.com/api/deck/new/shuffle/?deck_count=1,377,0,0
1768130030421,375,Soap Request,200,OK,Number of Users 1-1,text,true,,758,557,5,5,https://deckofcardsapi.com/api/deck/new/shuffle/?deck_count=1,375,0,0
1768130030299,588,Soap Request,200,OK,Number of Users 1-3,text,true,,754,557,5,5,https://deckofcardsapi.com/api/deck/new/shuffle/?deck_count=1,587,0,0
1768130030494,504,Soap Request,200,OK,Number of Users 1-4,text,true,,756,557,5,5,https://deckofcardsapi.com/api/deck/new/shuffle/?deck_count=1,504,0,0
1768130030646,374,Soap Request,200,OK,Number of Users 1-2,text,true,,750,557,5,5,https://deckofcardsapi.com/api/deck/new/shuffle/?deck_count=1,374,0,0
1768130030706,390,Soap Request,200,OK,Number of Users 1-5,text,true,,758,557,5,5,https://deckofcardsapi.com/api/deck/new/shuffle/?deck_count=1,390,0,0
1768130030796,379,Soap Request,200,OK,Number of Users 1-1,text,true,,754,557,5,5,https://deckofcardsapi.com/api/deck/new/shuffle/?deck_count=1,379,0,0
1768130030999,333,Soap Request,200,OK,Number of Users 1-4,text,true,,754,557,5,5,https://deckofcardsapi.com/api/deck/new/shuffle/?deck_count=1,333,0,0
1768130031021,374,Soap Request,200,OK,Number of Users 1-2,text,true,,756,557,5,5,https://deckofcardsapi.com/api/deck/new/shuffle/?deck_count=1,373,0,0
1768130031097,366,Soap Request,200,OK,Number of Users 1-5,text,true,,750,557,5,5,https://deckofcardsapi.com/api/deck/new/shuffle/?deck_count=1,366,0,0
1768130031176,358,Soap Request,200,OK,Number of Users 1-1,text,true,,762,557,5,5,https://deckofcardsapi.com/api/deck/new/shuffle/?deck_count=1,358,0,0
1768130030887,768,Soap Request,200,OK,Number of Users 1-3,text,true,,758,557,5,5,https://deckofcardsapi.com/api/deck/new/shuffle/?deck_count=1,768,0,0
1768130031395,346,Soap Request,200,OK,Number of Users 1-2,text,true,,752,557,5,5,https://deckofcardsapi.com/api/deck/new/shuffle/?deck_count=1,346,0,0
1768130031463,335,Soap Request,200,OK,Number of Users 1-5,text,true,,752,557,5,5,https://deckofcardsapi.com/api/deck/new/shuffle/?deck_count=1,335,0,0
1768130031534,337,Soap Request,200,OK,Number of Users 1-1,text,true,,752,557,5,5,https://deckofcardsapi.com/api/deck/new/shuffle/?deck_count=1,337,0,0
1768130031742,334,Soap Request,200,OK,Number of Users 1-2,text,true,,756,557,5,5,https://deckofcardsapi.com/api/deck/new/shuffle/?deck_count=1,333,0,0
1768130031799,333,Soap Request,200,OK,Number of Users 1-5,text,true,,756,557,5,5,https://deckofcardsapi.com/api/deck/new/shuffle/?deck_count=1,333,0,0
1768130031333,813,Soap Request,200,OK,Number of Users 1-4,text,true,,756,557,5,5,https://deckofcardsapi.com/api/deck/new/shuffle/?deck_count=1,813,0,0
1768130031871,336,Soap Request,200,OK,Number of Users 1-1,text,true,,758,557,5,5,https://deckofcardsapi.com/api/deck/new/shuffle/?deck_count=1,336,0,0
1768130032076,349,Soap Request,200,OK,Number of Users 1-2,text,true,,752,557,5,5,https://deckofcardsapi.com/api/deck/new/shuffle/?deck_count=1,349,0,0
1768130031656,790,Soap Request,200,OK,Number of Users 1-3,text,true,,756,557,5,5,https://deckofcardsapi.com/api/deck/new/shuffle/?deck_count=1,790,0,0
1768130032133,352,Soap Request,200,OK,Number of Users 1-5,text,true,,760,557,5,5,https://deckofcardsapi.com/api/deck/new/shuffle/?deck_count=1,352,0,0
1768130032208,345,Soap Request,200,OK,Number of Users 1-1,text,true,,750,557,5,5,https://deckofcardsapi.com/api/deck/new/shuffle/?deck_count=1,345,0,0
1768130032146,464,Soap Request,200,OK,Number of Users 1-4,text,true,,752,557,5,5,https://deckofcardsapi.com/api/deck/new/shuffle/?deck_count=1,464,0,0
1768130032425,378,Soap Request,200,OK,Number of Users 1-2,text,true,,750,557,5,5,https://deckofcardsapi.com/api/deck/new/shuffle/?deck_count=1,378,0,0
1768130032485,362,Soap Request,200,OK,Number of Users 1-5,text,true,,754,557,5,5,https://deckofcardsapi.com/api/deck/new/shuffle/?deck_count=1,362,0,0
1768130032553,350,Soap Request,200,OK,Number of Users 1-1,text,true,,758,557,5,5,https://deckofcardsapi.com/api/deck/new/shuffle/?deck_count=1,350,0,0
1768130032446,599,Soap Request,200,OK,Number of Users 1-3,text,true,,752,557,5,5,https://deckofcardsapi.com/api/deck/new/shuffle/?deck_count=1,599,0,0
1768130032803,360,Soap Request,200,OK,Number of Users 1-2,text,true,,752,557,5,5,https://deckofcardsapi.com/api/deck/new/shuffle/?deck_count=1,360,0,0
1768130032848,378,Soap Request,200,OK,Number of Users 1-5,text,true,,750,557,5,5,https://deckofcardsapi.com/api/deck/new/shuffle/?deck_count=1,378,0,0
1768130032903,352,Soap Request,200,OK,Number of Users 1-1,text,true,,754,557,5,5,https://deckofcardsapi.com/api/deck/new/shuffle/?deck_count=1,352,0,0
1768130033164,365,Soap Request,200,OK,Number of Users 1-2,text,true,,752,557,5,5,https://deckofcardsapi.com/api/deck/new/shuffle/?deck_count=1,365,0,0
1768130033227,348,Soap Request,200,OK,Number of Users 1-5,text,true,,758,557,5,5,https://deckofcardsapi.com/api/deck/new/shuffle/?deck_count=1,348,0,0
1768130033256,358,Soap Request,200,OK,Number of Users 1-1,text,true,,756,557,5,5,https://deckofcardsapi.com/api/deck/new/shuffle/?deck_count=1,358,0,0
1768130033046,815,Soap Request,200,OK,Number of Users 1-3,text,true,,754,557,5,5,https://deckofcardsapi.com/api/deck/new/shuffle/?deck_count=1,815,0,0
1768130033529,344,Soap Request,200,OK,Number of Users 1-2,text,true,,758,557,5,5,https://deckofcardsapi.com/api/deck/new/shuffle/?deck_count=1,344,0,0
1768130033576,349,Soap Request,200,OK,Number of Users 1-5,text,true,,754,557,5,5,https://deckofcardsapi.com/api/deck/new/shuffle/?deck_count=1,349,0,0
1768130033615,346,Soap Request,200,OK,Number of Users 1-1,text,true,,756,557,5,5,https://deckofcardsapi.com/api/deck/new/shuffle/?deck_count=1,346,0,0
1768130033873,356,Soap Request,200,OK,Number of Users 1-2,text,true,,756,557,5,5,https://deckofcardsapi.com/api/deck/new/shuffle/?deck_count=1,355,0,0
1768130033926,354,Soap Request,200,OK,Number of Users 1-5,text,true,,758,557,5,5,https://deckofcardsapi.com/api/deck/new/shuffle/?deck_count=1,354,0,0
1768130033962,351,Soap Request,200,OK,Number of Users 1-1,text,true,,750,557,5,5,https://deckofcardsapi.com/api/deck/new/shuffle/?deck_count=1,351,0,0
1768130033861,457,Soap Request,200,OK,Number of Users 1-3,text,true,,750,557,5,5,https://deckofcardsapi.com/api/deck/new/shuffle/?deck_count=1,457,0,0
1768130032610,1936,Soap Request,200,OK,Number of Users 1-4,text,true,,756,557,5,5,https://deckofcardsapi.com/api/deck/new/shuffle/?deck_count=1,1936,0,0
1768130034229,355,Soap Request,200,OK,Number of Users 1-2,text,true,,756,557,5,5,https://deckofcardsapi.com/api/deck/new/shuffle/?deck_count=1,355,0,0
1768130034281,367,Soap Request,200,OK,Number of Users 1-5,text,true,,750,557,5,5,https://deckofcardsapi.com/api/deck/new/shuffle/?deck_count=1,367,0,0
1768130034313,371,Soap Request,200,OK,Number of Users 1-1,text,true,,758,557,5,5,https://deckofcardsapi.com/api/deck/new/shuffle/?deck_count=1,371,0,0
1768130034318,594,Soap Request,200,OK,Number of Users 1-3,text,true,,760,557,5,5,https://deckofcardsapi.com/api/deck/new/shuffle/?deck_count=1,594,0,0
1768130034586,356,Soap Request,200,OK,Number of Users 1-2,text,true,,754,557,5,5,https://deckofcardsapi.com/api/deck/new/shuffle/?deck_count=1,356,0,0
1768130034547,450,Soap Request,200,OK,Number of Users 1-4,text,true,,748,557,5,5,https://deckofcardsapi.com/api/deck/new/shuffle/?deck_count=1,450,0,0
1768130034650,365,Soap Request,200,OK,Number of Users 1-5,text,true,,754,557,5,5,https://deckofcardsapi.com/api/deck/new/shuffle/?deck_count=1,365,0,0
1768130034685,369,Soap Request,200,OK,Number of Users 1-1,text,true,,754,557,5,5,https://deckofcardsapi.com/api/deck/new/shuffle/?deck_count=1,369,0,0
1768130034943,363,Soap Request,200,OK,Number of Users 1-2,text,true,,758,557,5,5,https://deckofcardsapi.com/api/deck/new/shuffle/?deck_count=1,363,0,0
1768130034998,363,Soap Request,200,OK,Number of Users 1-4,text,true,,760,557,5,5,https://deckofcardsapi.com/api/deck/new/shuffle/?deck_count=1,363,0,0
1768130035016,371,Soap Request,200,OK,Number of Users 1-5,text,true,,758,557,5,5,https://deckofcardsapi.com/api/deck/new/shuffle/?deck_count=1,371,0,0
1768130035054,364,Soap Request,200,OK,Number of Users 1-1,text,true,,760,557,5,5,https://deckofcardsapi.com/api/deck/new/shuffle/?deck_count=1,364,0,0
1768130034913,551,Soap Request,200,OK,Number of Users 1-3,text,true,,750,557,5,5,https://deckofcardsapi.com/api/deck/new/shuffle/?deck_count=1,551,0,0
1768130035307,368,Soap Request,200,OK,Number of Users 1-2,text,true,,758,557,5,5,https://deckofcardsapi.com/api/deck/new/shuffle/?deck_count=1,368,0,0
1768130035388,367,Soap Request,200,OK,Number of Users 1-5,text,true,,754,557,5,5,https://deckofcardsapi.com/api/deck/new/shuffle/?deck_count=1,367,0,0
1768130035418,398,Soap Request,200,OK,Number of Users 1-1,text,true,,748,557,5,5,https://deckofcardsapi.com/api/deck/new/shuffle/?deck_count=1,398,0,0
1768130035464,441,Soap Request,200,OK,Number of Users 1-3,text,true,,752,557,5,5,https://deckofcardsapi.com/api/deck/new/shuffle/?deck_count=1,441,0,0
1768130035676,361,Soap Request,200,OK,Number of Users 1-2,text,true,,750,557,5,5,https://deckofcardsapi.com/api/deck/new/shuffle/?deck_count=1,361,0,0
1768130035755,365,Soap Request,200,OK,Number of Users 1-5,text,true,,750,557,5,5,https://deckofcardsapi.com/api/deck/new/shuffle/?deck_count=1,365,0,0
1768130035817,371,Soap Request,200,OK,Number of Users 1-1,text,true,,756,557,5,5,https://deckofcardsapi.com/api/deck/new/shuffle/?deck_count=1,371,0,0
1768130036038,372,Soap Request,200,OK,Number of Users 1-2,text,true,,756,557,5,5,https://deckofcardsapi.com/api/deck/new/shuffle/?deck_count=1,372,0,0
1768130035905,512,Soap Request,200,OK,Number of Users 1-3,text,true,,752,557,5,5,https://deckofcardsapi.com/api/deck/new/shuffle/?deck_count=1,512,0,0
1768130036121,374,Soap Request,200,OK,Number of Users 1-5,text,true,,752,557,5,5,https://deckofcardsapi.com/api/deck/new/shuffle/?deck_count=1,374,0,0
1768130036188,374,Soap Request,200,OK,Number of Users 1-1,text,true,,758,557,5,5,https://deckofcardsapi.com/api/deck/new/shuffle/?deck_count=1,374,0,0
1768130036411,379,Soap Request,200,OK,Number of Users 1-2,text,true,,760,557,5,5,https://deckofcardsapi.com/api/deck/new/shuffle/?deck_count=1,379,0,0
1768130036496,371,Soap Request,200,OK,Number of Users 1-5,text,true,,756,557,5,5,https://deckofcardsapi.com/api/deck/new/shuffle/?deck_count=1,371,0,0
1768130036563,372,Soap Request,200,OK,Number of Users 1-1,text,true,,750,557,5,5,https://deckofcardsapi.com/api/deck/new/shuffle/?deck_count=1,372,0,0
1768130036790,371,Soap Request,200,OK,Number of Users 1-2,text,true,,750,557,5,5,https://deckofcardsapi.com/api/deck/new/shuffle/?deck_count=1,371,0,0
1768130036418,822,Soap Request,200,OK,Number of Users 1-3,text,true,,762,557,5,5,https://deckofcardsapi.com/api/deck/new/shuffle/?deck_count=1,821,0,0
1768130036867,374,Soap Request,200,OK,Number of Users 1-5,text,true,,752,557,5,5,https://deckofcardsapi.com/api/deck/new/shuffle/?deck_count=1,374,0,0
1768130036935,379,Soap Request,200,OK,Number of Users 1-1,text,true,,754,557,5,5,https://deckofcardsapi.com/api/deck/new/shuffle/?deck_count=1,378,0,0
1768130035362,1986,Soap Request,200,OK,Number of Users 1-4,text,true,,758,557,5,5,https://deckofcardsapi.com/api/deck/new/shuffle/?deck_count=1,1986,0,0
1768130037162,382,Soap Request,200,OK,Number of Users 1-2,text,true,,752,557,5,5,https://deckofcardsapi.com/api/deck/new/shuffle/?deck_count=1,382,0,0
1768130037241,399,Soap Request,200,OK,Number of Users 1-5,text,true,,752,557,5,5,https://deckofcardsapi.com/api/deck/new/shuffle/?deck_count=1,399,0,0
1768130037314,379,Soap Request,200,OK,Number of Users 1-1,text,true,,758,557,5,5,https://deckofcardsapi.com/api/deck/new/shuffle/?deck_count=1,379,0,0
1768130037349,501,Soap Request,200,OK,Number of Users 1-4,text,true,,752,557,5,5,https://deckofcardsapi.com/api/deck/new/shuffle/?deck_count=1,501,0,0
1768130037545,371,Soap Request,200,OK,Number of Users 1-2,text,true,,752,557,5,5,https://deckofcardsapi.com/api/deck/new/shuffle/?deck_count=1,371,0,0
1768130037640,373,Soap Request,200,OK,Number of Users 1-5,text,true,,756,557,5,5,https://deckofcardsapi.com/api/deck/new/shuffle/?deck_count=1,373,0,0
1768130037240,809,Soap Request,200,OK,Number of Users 1-3,text,true,,758,557,5,5,https://deckofcardsapi.com/api/deck/new/shuffle/?deck_count=1,808,0,0
1768130037694,375,Soap Request,200,OK,Number of Users 1-1,text,true,,748,557,5,5,https://deckofcardsapi.com/api/deck/new/shuffle/?deck_count=1,375,0,0
1768130037850,392,Soap Request,200,OK,Number of Users 1-4,text,true,,754,557,5,5,https://deckofcardsapi.com/api/deck/new/shuffle/?deck_count=1,392,0,0
1768130037917,368,Soap Request,200,OK,Number of Users 1-2,text,true,,760,557,5,5,https://deckofcardsapi.com/api/deck/new/shuffle/?deck_count=1,368,0,0
1768130038014,418,Soap Request,200,OK,Number of Users 1-5,text,true,,758,557,5,5,https://deckofcardsapi.com/api/deck/new/shuffle/?deck_count=1,417,0,0
1768130038070,362,Soap Request,200,OK,Number of Users 1-1,text,true,,760,557,5,5,https://deckofcardsapi.com/api/deck/new/shuffle/?deck_count=1,362,0,0
1768130038049,523,Soap Request,200,OK,Number of Users 1-3,text,true,,754,557,5,5,https://deckofcardsapi.com/api/deck/new/shuffle/?deck_count=1,523,0,0
1768130038285,360,Soap Request,200,OK,Number of Users 1-2,text,true,,754,557,5,5,https://deckofcardsapi.com/api/deck/new/shuffle/?deck_count=1,360,0,0
1768130038432,381,Soap Request,200,OK,Number of Users 1-5,text,true,,752,557,5,5,https://deckofcardsapi.com/api/deck/new/shuffle/?deck_count=1,381,0,0
1768130038432,384,Soap Request,200,OK,Number of Users 1-1,text,true,,752,557,5,5,https://deckofcardsapi.com/api/deck/new/shuffle/?deck_count=1,384,0,0
1768130038646,396,Soap Request,200,OK,Number of Users 1-2,text,true,,752,557,5,5,https://deckofcardsapi.com/api/deck/new/shuffle/?deck_count=1,396,0,0
1768130038243,832,Soap Request,200,OK,Number of Users 1-4,text,true,,754,557,5,5,https://deckofcardsapi.com/api/deck/new/shuffle/?deck_count=1,832,0,0
1768130038814,377,Soap Request,200,OK,Number of Users 1-5,text,true,,762,557,5,5,https://deckofcardsapi.com/api/deck/new/shuffle/?deck_count=1,377,0,0
1768130038816,377,Soap Request,200,OK,Number of Users 1-1,text,true,,754,557,5,5,https://deckofcardsapi.com/api/deck/new/shuffle/?deck_count=1,377,0,0
1768130038572,781,Soap Request,200,OK,Number of Users 1-3,text,true,,756,557,5,5,https://deckofcardsapi.com/api/deck/new/shuffle/?deck_count=1,781,0,0
1768130039043,360,Soap Request,200,OK,Number of Users 1-2,text,true,,756,557,5,5,https://deckofcardsapi.com/api/deck/new/shuffle/?deck_count=1,360,0,0
1768130039193,376,Soap Request,200,OK,Number of Users 1-1,text,true,,762,557,5,5,https://deckofcardsapi.com/api/deck/new/shuffle/?deck_count=1,376,0,0
1768130039192,381,Soap Request,200,OK,Number of Users 1-5,text,true,,750,557,5,5,https://deckofcardsapi.com/api/deck/new/shuffle/?deck_count=1,381,0,0
1768130039403,363,Soap Request,200,OK,Number of Users 1-2,text,true,,750,557,5,5,https://deckofcardsapi.com/api/deck/new/shuffle/?deck_count=1,362,0,0
1768130039354,534,Soap Request,200,OK,Number of Users 1-3,text,true,,752,557,5,5,https://deckofcardsapi.com/api/deck/new/shuffle/?deck_count=1,534,0,0
1768130039075,821,Soap Request,200,OK,Number of Users 1-4,text,true,,752,557,5,5,https://deckofcardsapi.com/api/deck/new/shuffle/?deck_count=1,821,0,0
1768130039569,391,Soap Request,200,OK,Number of Users 1-1,text,true,,754,557,5,5,https://deckofcardsapi.com/api/deck/new/shuffle/?deck_count=1,391,0,0
1768130039573,397,Soap Request,200,OK,Number of Users 1-5,text,true,,750,557,5,5,https://deckofcardsapi.com/api/deck/new/shuffle/?deck_count=1,397,0,0
1768130039766,372,Soap Request,200,OK,Number of Users 1-2,text,true,,754,557,5,5,https://deckofcardsapi.com/api/deck/new/shuffle/?deck_count=1,372,0,0
1768130039896,416,Soap Request,200,OK,Number of Users 1-4,text,true,,756,557,5,5,https://deckofcardsapi.com/api/deck/new/shuffle/?deck_count=1,416,0,0
1768130039970,484,Soap Request,200,OK,Number of Users 1-5,text,true,,752,557,5,5,https://deckofcardsapi.com/api/deck/new/shuffle/?deck_count=1,484,0,0
1768130039961,493,Soap Request,200,OK,Number of Users 1-1,text,true,,752,557,5,5,https://deckofcardsapi.com/api/deck/new/shuffle/?deck_count=1,493,0,0
1768130040141,375,Soap Request,200,OK,Number of Users 1-2,text,true,,756,557,5,5,https://deckofcardsapi.com/api/deck/new/shuffle/?deck_count=1,375,0,0
1768130040312,339,Soap Request,200,OK,Number of Users 1-4,text,true,,750,557,5,5,https://deckofcardsapi.com/api/deck/new/shuffle/?deck_count=1,339,0,0
1768130039889,845,Soap Request,200,OK,Number of Users 1-3,text,true,,760,557,5,5,https://deckofcardsapi.com/api/deck/new/shuffle/?deck_count=1,845,0,0
1768130040455,415,Soap Request,200,OK,Number of Users 1-5,text,true,,756,557,5,5,https://deckofcardsapi.com/api/deck/new/shuffle/?deck_count=1,415,0,0
1768130040455,415,Soap Request,200,OK,Number of Users 1-1,text,true,,758,557,5,5,https://deckofcardsapi.com/api/deck/new/shuffle/?deck_count=1,415,0,0
1768130040517,376,Soap Request,200,OK,Number of Users 1-2,text,true,,756,557,5,5,https://deckofcardsapi.com/api/deck/new/shuffle/?deck_count=1,376,0,0
1768130040652,439,Soap Request,200,OK,Number of Users 1-4,text,true,,750,557,5,5,https://deckofcardsapi.com/api/deck/new/shuffle/?deck_count=1,439,0,0
1768130040871,394,Soap Request,200,OK,Number of Users 1-5,text,true,,750,557,5,5,https://deckofcardsapi.com/api/deck/new/shuffle/?deck_count=1,394,0,0
1768130040871,394,Soap Request,200,OK,Number of Users 1-1,text,true,,754,557,5,5,https://deckofcardsapi.com/api/deck/new/shuffle/?deck_count=1,394,0,0
1768130040893,399,Soap Request,200,OK,Number of Users 1-2,text,true,,750,557,5,5,https://deckofcardsapi.com/api/deck/new/shuffle/?deck_count=1,399,0,0
1768130040735,557,Soap Request,200,OK,Number of Users 1-3,text,true,,760,557,5,5,https://deckofcardsapi.com/api/deck/new/shuffle/?deck_count=1,557,0,0
1768130041266,411,Soap Request,200,OK,Number of Users 1-1,text,true,,754,557,5,5,https://deckofcardsapi.com/api/deck/new/shuffle/?deck_count=1,411,0,0
1768130041266,423,Soap Request,200,OK,Number of Users 1-5,text,true,,756,557,5,5,https://deckofcardsapi.com/api/deck/new/shuffle/?deck_count=1,423,0,0
1768130041293,398,Soap Request,200,OK,Number of Users 1-2,text,true,,754,557,5,5,https://deckofcardsapi.com/api/deck/new/shuffle/?deck_count=1,398,0,0
1768130041689,406,Soap Request,200,OK,Number of Users 1-5,text,true,,756,557,5,5,https://deckofcardsapi.com/api/deck/new/shuffle/?deck_count=1,406,0,0
1768130041678,418,Soap Request,200,OK,Number of Users 1-1,text,true,,758,557,5,5,https://deckofcardsapi.com/api/deck/new/shuffle/?deck_count=1,418,0,0
1768130041691,412,Soap Request,200,OK,Number of Users 1-2,text,true,,754,557,5,5,https://deckofcardsapi.com/api/deck/new/shuffle/?deck_count=1,412,0,0
1768130041293,846,Soap Request,200,OK,Number of Users 1-3,text,true,,762,557,5,5,https://deckofcardsapi.com/api/deck/new/shuffle/?deck_count=1,846,0,0
1768130042104,377,Soap Request,200,OK,Number of Users 1-2,text,true,,750,557,5,5,https://deckofcardsapi.com/api/deck/new/shuffle/?deck_count=1,377,0,0
1768130042096,400,Soap Request,200,OK,Number of Users 1-1,text,true,,752,557,5,5,https://deckofcardsapi.com/api/deck/new/shuffle/?deck_count=1,400,0,0
1768130042095,401,Soap Request,200,OK,Number of Users 1-5,text,true,,754,557,5,5,https://deckofcardsapi.com/api/deck/new/shuffle/?deck_count=1,401,0,0
1768130042482,409,Soap Request,200,OK,Number of Users 1-2,text,true,,752,557,5,5,https://deckofcardsapi.com/api/deck/new/shuffle/?deck_count=1,409,0,0
1768130042497,394,Soap Request,200,OK,Number of Users 1-1,text,true,,756,557,5,5,https://deckofcardsapi.com/api/deck/new/shuffle/?deck_count=1,394,0,0
1768130042497,394,Soap Request,200,OK,Number of Users 1-5,text,true,,756,557,5,5,https://deckofcardsapi.com/api/deck/new/shuffle/?deck_count=1,394,0,0
1768130041091,1877,Soap Request,200,OK,Number of Users 1-4,text,true,,758,557,5,5,https://deckofcardsapi.com/api/deck/new/shuffle/?deck_count=1,1877,0,0
1768130042140,957,Soap Request,200,OK,Number of Users 1-3,text,true,,754,557,5,5,https://deckofcardsapi.com/api/deck/new/shuffle/?deck_count=1,957,0,0
1768130042891,411,Soap Request,200,OK,Number of Users 1-5,text,true,,750,557,5,5,https://deckofcardsapi.com/api/deck/new/shuffle/?deck_count=1,411,0,0
1768130042891,411,Soap Request,200,OK,Number of Users 1-2,text,true,,758,557,5,5,https://deckofcardsapi.com/api/deck/new/shuffle/?deck_count=1,411,0,0
1768130042891,411,Soap Request,200,OK,Number of Users 1-1,text,true,,756,557,5,5,https://deckofcardsapi.com/api/deck/new/shuffle/?deck_count=1,411,0,0
1768130042968,397,Soap Request,200,OK,Number of Users 1-4,text,true,,752,557,5,5,https://deckofcardsapi.com/api/deck/new/shuffle/?deck_count=1,397,0,0
1768130043097,615,Soap Request,200,OK,Number of Users 1-3,text,true,,754,557,5,5,https://deckofcardsapi.com/api/deck/new/shuffle/?deck_count=1,615,0,0
1768130043303,409,Soap Request,200,OK,Number of Users 1-5,text,true,,754,557,5,5,https://deckofcardsapi.com/api/deck/new/shuffle/?deck_count=1,409,0,0
1768130043303,409,Soap Request,200,OK,Number of Users 1-2,text,true,,752,557,5,5,https://deckofcardsapi.com/api/deck/new/shuffle/?deck_count=1,409,0,0
1768130043303,409,Soap Request,200,OK,Number of Users 1-1,text,true,,752,557,5,5,https://deckofcardsapi.com/api/deck/new/shuffle/?deck_count=1,409,0,0
1768130043713,408,Soap Request,200,OK,Number of Users 1-5,text,true,,756,557,5,5,https://deckofcardsapi.com/api/deck/new/shuffle/?deck_count=1,407,0,0
1768130043713,408,Soap Request,200,OK,Number of Users 1-2,text,true,,754,557,5,5,https://deckofcardsapi.com/api/deck/new/shuffle/?deck_count=1,407,0,0
1768130043713,414,Soap Request,200,OK,Number of Users 1-1,text,true,,752,557,5,5,https://deckofcardsapi.com/api/deck/new/shuffle/?deck_count=1,414,0,0
1768130043365,962,Soap Request,200,OK,Number of Users 1-4,text,true,,752,557,5,5,https://deckofcardsapi.com/api/deck/new/shuffle/?deck_count=1,962,0,0
1768130044121,409,Soap Request,200,OK,Number of Users 1-2,text,true,,760,557,5,5,https://deckofcardsapi.com/api/deck/new/shuffle/?deck_count=1,408,0,0
1768130044127,403,Soap Request,200,OK,Number of Users 1-1,text,true,,748,557,5,5,https://deckofcardsapi.com/api/deck/new/shuffle/?deck_count=1,402,0,0
1768130044121,427,Soap Request,200,OK,Number of Users 1-5,text,true,,752,557,5,5,https://deckofcardsapi.com/api/deck/new/shuffle/?deck_count=1,427,0,0
1768130043713,883,Soap Request,200,OK,Number of Users 1-3,text,true,,754,557,5,5,https://deckofcardsapi.com/api/deck/new/shuffle/?deck_count=1,883,0,0
1768130044328,406,Soap Request,200,OK,Number of Users 1-4,text,true,,752,557,5,5,https://deckofcardsapi.com/api/deck/new/shuffle/?deck_count=1,406,0,0
1768130044530,386,Soap Request,200,OK,Number of Users 1-2,text,true,,758,557,5,5,https://deckofcardsapi.com/api/deck/new/shuffle/?deck_count=1,386,0,0
1768130044530,388,Soap Request,200,OK,Number of Users 1-1,text,true,,758,557,5,5,https://deckofcardsapi.com/api/deck/new/shuffle/?deck_count=1,387,0,0
1768130044548,386,Soap Request,200,OK,Number of Users 1-5,text,true,,754,557,5,5,https://deckofcardsapi.com/api/deck/new/shuffle/?deck_count=1,386,0,0
1768130044598,464,Soap Request,200,OK,Number of Users 1-3,text,true,,754,557,5,5,https://deckofcardsapi.com/api/deck/new/shuffle/?deck_count=1,464,0,0
1768130044735,454,Soap Request,200,OK,Number of Users 1-4,text,true,,756,557,5,5,https://deckofcardsapi.com/api/deck/new/shuffle/?deck_count=1,454,0,0
1768130044919,379,Soap Request,200,OK,Number of Users 1-1,text,true,,752,557,5,5,https://deckofcardsapi.com/api/deck/new/shuffle/?deck_count=1,379,0,0
1768130044918,380,Soap Request,200,OK,Number of Users 1-2,text,true,,752,557,5,5,https://deckofcardsapi.com/api/deck/new/shuffle/?deck_count=1,380,0,0
1768130044936,388,Soap Request,200,OK,Number of Users 1-5,text,true,,748,557,5,5,https://deckofcardsapi.com/api/deck/new/shuffle/?deck_count=1,387,0,0
1768130045190,362,Soap Request,200,OK,Number of Users 1-4,text,true,,754,557,5,5,https://deckofcardsapi.com/api/deck/new/shuffle/?deck_count=1,362,0,0
1768130045299,403,Soap Request,200,OK,Number of Users 1-2,text,true,,750,557,5,5,https://deckofcardsapi.com/api/deck/new/shuffle/?deck_count=1,403,0,0
1768130045299,419,Soap Request,200,OK,Number of Users 1-1,text,true,,752,557,5,5,https://deckofcardsapi.com/api/deck/new/shuffle/?deck_count=1,419,0,0
1768130045324,414,Soap Request,200,OK,Number of Users 1-5,text,true,,750,557,5,5,https://deckofcardsapi.com/api/deck/new/shuffle/?deck_count=1,414,0,0
1768130045553,348,Soap Request,200,OK,Number of Users 1-4,text,true,,750,557,5,5,https://deckofcardsapi.com/api/deck/new/shuffle/?deck_count=1,348,0,0
1768130045703,370,Soap Request,200,OK,Number of Users 1-2,text,true,,760,557,5,5,https://deckofcardsapi.com/api/deck/new/shuffle/?deck_count=1,370,0,0
1768130045719,389,Soap Request,200,OK,Number of Users 1-1,text,true,,754,557,5,5,https://deckofcardsapi.com/api/deck/new/shuffle/?deck_count=1,389,0,0
1768130045739,386,Soap Request,200,OK,Number of Users 1-5,text,true,,752,557,5,5,https://deckofcardsapi.com/api/deck/new/shuffle/?deck_count=1,386,0,0
1768130046074,366,Soap Request,200,OK,Number of Users 1-2,text,true,,756,557,5,5,https://deckofcardsapi.com/api/deck/new/shuffle/?deck_count=1,366,0,0
1768130046109,370,Soap Request,200,OK,Number of Users 1-1,text,true,,754,557,5,5,https://deckofcardsapi.com/api/deck/new/shuffle/?deck_count=1,370,0,0
1768130046125,373,Soap Request,200,OK,Number of Users 1-5,text,true,,756,557,5,5,https://deckofcardsapi.com/api/deck/new/shuffle/?deck_count=1,373,0,0
1768130045063,1749,Soap Request,200,OK,Number of Users 1-3,text,true,,754,557,5,5,https://deckofcardsapi.com/api/deck/new/shuffle/?deck_count=1,1749,0,0
1768130046441,371,Soap Request,200,OK,Number of Users 1-2,text,true,,750,557,5,5,https://deckofcardsapi.com/api/deck/new/shuffle/?deck_count=1,371,0,0
1768130046480,370,Soap Request,200,OK,Number of Users 1-1,text,true,,756,557,5,5,https://deckofcardsapi.com/api/deck/new/shuffle/?deck_count=1,370,0,0
1768130046499,390,Soap Request,200,OK,Number of Users 1-5,text,true,,756,557,5,5,https://deckofcardsapi.com/api/deck/new/shuffle/?deck_count=1,389,0,0
1768130046812,407,Soap Request,200,OK,Number of Users 1-2,text,true,,758,557,5,5,https://deckofcardsapi.com/api/deck/new/shuffle/?deck_count=1,407,0,0
1768130046851,387,Soap Request,200,OK,Number of Users 1-1,text,true,,754,557,5,5,https://deckofcardsapi.com/api/deck/new/shuffle/?deck_count=1,387,0,0
1768130046889,374,Soap Request,200,OK,Number of Users 1-5,text,true,,752,557,5,5,https://deckofcardsapi.com/api/deck/new/shuffle/?deck_count=1,374,0,0
1768130046812,458,Soap Request,200,OK,Number of Users 1-3,text,true,,754,557,5,5,https://deckofcardsapi.com/api/deck/new/shuffle/?deck_count=1,458,0,0
1768130047219,590,Soap Request,200,OK,Number of Users 1-2,text,true,,754,557,5,5,https://deckofcardsapi.com/api/deck/new/shuffle/?deck_count=1,590,0,0
1768130047239,570,Soap Request,200,OK,Number of Users 1-1,text,true,,754,557,5,5,https://deckofcardsapi.com/api/deck/new/shuffle/?deck_count=1,570,0,0
1768130045902,1919,Soap Request,200,OK,Number of Users 1-4,text,true,,754,557,5,5,https://deckofcardsapi.com/api/deck/new/shuffle/?deck_count=1,1919,0,0
1768130047263,558,Soap Request,200,OK,Number of Users 1-5,text,true,,750,557,5,5,https://deckofcardsapi.com/api/deck/new/shuffle/?deck_count=1,558,0,0
1768130047270,878,Soap Request,200,OK,Number of Users 1-3,text,true,,754,557,5,5,https://deckofcardsapi.com/api/deck/new/shuffle/?deck_count=1,878,0,0
1768130047811,410,Soap Request,200,OK,Number of Users 1-2,text,true,,752,557,5,5,https://deckofcardsapi.com/api/deck/new/shuffle/?deck_count=1,410,0,0
1768130047810,430,Soap Request,200,OK,Number of Users 1-1,text,true,,750,557,5,5,https://deckofcardsapi.com/api/deck/new/shuffle/?deck_count=1,430,0,0
1768130047822,438,Soap Request,200,OK,Number of Users 1-5,text,true,,754,557,5,5,https://deckofcardsapi.com/api/deck/new/shuffle/?deck_count=1,438,0,0
1768130048241,431,Soap Request,200,OK,Number of Users 1-1,text,true,,756,557,5,5,https://deckofcardsapi.com/api/deck/new/shuffle/?deck_count=1,431,0,0
1768130047821,870,Soap Request,200,OK,Number of Users 1-4,text,true,,754,557,5,5,https://deckofcardsapi.com/api/deck/new/shuffle/?deck_count=1,870,0,0
1768130048260,454,Soap Request,200,OK,Number of Users 1-5,text,true,,754,557,5,5,https://deckofcardsapi.com/api/deck/new/shuffle/?deck_count=1,454,0,0
1768130048149,852,Soap Request,200,OK,Number of Users 1-3,text,true,,756,557,5,5,https://deckofcardsapi.com/api/deck/new/shuffle/?deck_count=1,852,0,0
1768130048692,337,Soap Request,200,OK,Number of Users 1-4,text,true,,752,557,5,5,https://deckofcardsapi.com/api/deck/new/shuffle/?deck_count=1,337,0,0
1768130048672,371,Soap Request,200,OK,Number of Users 1-1,text,true,,756,557,5,5,https://deckofcardsapi.com/api/deck/new/shuffle/?deck_count=1,371,0,0
1768130048714,369,Soap Request,200,OK,Number of Users 1-5,text,true,,756,557,5,5,https://deckofcardsapi.com/api/deck/new/shuffle/?deck_count=1,369,0,0
1768130049043,404,Soap Request,200,OK,Number of Users 1-1,text,true,,756,557,5,5,https://deckofcardsapi.com/api/deck/new/shuffle/?deck_count=1,403,0,0
1768130049001,457,Soap Request,200,OK,Number of Users 1-3,text,true,,762,557,5,5,https://deckofcardsapi.com/api/deck/new/shuffle/?deck_count=1,457,0,0
1768130049084,384,Soap Request,200,OK,Number of Users 1-5,text,true,,756,557,5,5,https://deckofcardsapi.com/api/deck/new/shuffle/?deck_count=1,384,0,0
1768130049029,454,Soap Request,200,OK,Number of Users 1-4,text,true,,756,557,5,5,https://deckofcardsapi.com/api/deck/new/shuffle/?deck_count=1,454,0,0
1768130048222,1262,Soap Request,200,OK,Number of Users 1-2,text,true,,758,557,5,5,https://deckofcardsapi.com/api/deck/new/shuffle/?deck_count=1,1262,0,0
1768130049447,384,Soap Request,200,OK,Number of Users 1-1,text,true,,760,557,5,5,https://deckofcardsapi.com/api/deck/new/shuffle/?deck_count=1,384,0,0
1768130049484,356,Soap Request,200,OK,Number of Users 1-4,text,true,,750,557,5,5,https://deckofcardsapi.com/api/deck/new/shuffle/?deck_count=1,356,0,0
1768130049468,407,Soap Request,200,OK,Number of Users 1-5,text,true,,752,557,5,5,https://deckofcardsapi.com/api/deck/new/shuffle/?deck_count=1,407,0,0
1768130049484,407,Soap Request,200,OK,Number of Users 1-2,text,true,,754,557,5,5,https://deckofcardsapi.com/api/deck/new/shuffle/?deck_count=1,407,0,0
1768130049458,470,Soap Request,200,OK,Number of Users 1-3,text,true,,748,557,5,5,https://deckofcardsapi.com/api/deck/new/shuffle/?deck_count=1,470,0,0
1768130049875,390,Soap Request,200,OK,Number of Users 1-5,text,true,,754,557,5,5,https://deckofcardsapi.com/api/deck/new/shuffle/?deck_count=1,390,0,0
1768130049892,398,Soap Request,200,OK,Number of Users 1-2,text,true,,756,557,5,5,https://deckofcardsapi.com/api/deck/new/shuffle/?deck_count=1,398,0,0
1768130050290,470,Soap Request,200,OK,Number of Users 1-2,text,true,,752,557,5,5,https://deckofcardsapi.com/api/deck/new/shuffle/?deck_count=1,470,0,0
1768130049929,851,Soap Request,200,OK,Number of Users 1-3,text,true,,758,557,5,5,https://deckofcardsapi.com/api/deck/new/shuffle/?deck_count=1,851,0,0
1768130049831,1286,Soap Request,200,OK,Number of Users 1-1,text,true,,750,557,5,5,https://deckofcardsapi.com/api/deck/new/shuffle/?deck_count=1,1286,0,0
1768130050761,392,Soap Request,200,OK,Number of Users 1-2,text,true,,754,557,5,5,https://deckofcardsapi.com/api/deck/new/shuffle/?deck_count=1,392,0,0
1768130051117,368,Soap Request,200,OK,Number of Users 1-1,text,true,,752,557,5,5,https://deckofcardsapi.com/api/deck/new/shuffle/?deck_count=1,368,0,0
1768130051153,376,Soap Request,200,OK,Number of Users 1-2,text,true,,754,557,5,5,https://deckofcardsapi.com/api/deck/new/shuffle/?deck_count=1,376,0,0
1768130050266,1272,Soap Request,200,OK,Number of Users 1-5,text,true,,750,557,5,5,https://deckofcardsapi.com/api/deck/new/shuffle/?deck_count=1,1272,0,0
1768130049841,1841,Soap Request,200,OK,Number of Users 1-4,text,true,,748,557,5,5,https://deckofcardsapi.com/api/deck/new/shuffle/?deck_count=1,1841,0,0
1768130051486,376,Soap Request,200,OK,Number of Users 1-1,text,true,,754,557,5,5,https://deckofcardsapi.com/api/deck/new/shuffle/?deck_count=1,376,0,0
1768130051529,380,Soap Request,200,OK,Number of Users 1-2,text,true,,752,557,5,5,https://deckofcardsapi.com/api/deck/new/shuffle/?deck_count=1,380,0,0
1768130051538,384,Soap Request,200,OK,Number of Users 1-5,text,true,,754,557,5,5,https://deckofcardsapi.com/api/deck/new/shuffle/?deck_count=1,384,0,0
1768130051682,341,Soap Request,200,OK,Number of Users 1-4,text,true,,758,557,5,5,https://deckofcardsapi.com/api/deck/new/shuffle/?deck_count=1,341,0,0
1768130051862,399,Soap Request,200,OK,Number of Users 1-1,text,true,,752,557,5,5,https://deckofcardsapi.com/api/deck/new/shuffle/?deck_count=1,399,0,0
1768130051909,383,Soap Request,200,OK,Number of Users 1-2,text,true,,760,557,5,5,https://deckofcardsapi.com/api/deck/new/shuffle/?deck_count=1,383,0,0
1768130051923,382,Soap Request,200,OK,Number of Users 1-5,text,true,,754,557,5,5,https://deckofcardsapi.com/api/deck/new/shuffle/?deck_count=1,382,0,0
1768130050780,1816,Soap Request,200,OK,Number of Users 1-3,text,true,,754,557,5,5,https://deckofcardsapi.com/api/deck/new/shuffle/?deck_count=1,1816,0,0
1768130052262,374,Soap Request,200,OK,Number of Users 1-1,text,true,,756,557,5,5,https://deckofcardsapi.com/api/deck/new/shuffle/?deck_count=1,374,0,0
1768130052293,378,Soap Request,200,OK,Number of Users 1-2,text,true,,756,557,5,5,https://deckofcardsapi.com/api/deck/new/shuffle/?deck_count=1,378,0,0
1768130052306,376,Soap Request,200,OK,Number of Users 1-5,text,true,,760,557,5,5,https://deckofcardsapi.com/api/deck/new/shuffle/?deck_count=1,376,0,0
1768130052024,817,Soap Request,200,OK,Number of Users 1-4,text,true,,752,557,5,5,https://deckofcardsapi.com/api/deck/new/shuffle/?deck_count=1,817,0,0
1768130052636,363,Soap Request,200,OK,Number of Users 1-1,text,true,,756,557,5,5,https://deckofcardsapi.com/api/deck/new/shuffle/?deck_count=1,363,0,0
1768130052671,374,Soap Request,200,OK,Number of Users 1-2,text,true,,748,557,5,5,https://deckofcardsapi.com/api/deck/new/shuffle/?deck_count=1,374,0,0
1768130052682,390,Soap Request,200,OK,Number of Users 1-5,text,true,,754,557,5,5,https://deckofcardsapi.com/api/deck/new/shuffle/?deck_count=1,390,0,0
1768130053000,382,Soap Request,200,OK,Number of Users 1-1,text,true,,756,557,5,5,https://deckofcardsapi.com/api/deck/new/shuffle/?deck_count=1,382,0,0
1768130053046,357,Soap Request,200,OK,Number of Users 1-2,text,true,,768,557,5,5,https://deckofcardsapi.com/api/deck/new/shuffle/?deck_count=1,357,0,0
1768130052596,833,Soap Request,200,OK,Number of Users 1-3,text,true,,754,557,5,5,https://deckofcardsapi.com/api/deck/new/shuffle/?deck_count=1,833,0,0
1768130053073,358,Soap Request,200,OK,Number of Users 1-5,text,true,,756,557,5,5,https://deckofcardsapi.com/api/deck/new/shuffle/?deck_count=1,358,0,0
1768130052841,957,Soap Request,200,OK,Number of Users 1-4,text,true,,760,557,5,5,https://deckofcardsapi.com/api/deck/new/shuffle/?deck_count=1,957,0,0
1768130053382,417,Soap Request,200,OK,Number of Users 1-1,text,true,,758,557,5,5,https://deckofcardsapi.com/api/deck/new/shuffle/?deck_count=1,417,0,0
1768130053403,396,Soap Request,200,OK,Number of Users 1-2,text,true,,756,557,5,5,https://deckofcardsapi.com/api/deck/new/shuffle/?deck_count=1,396,0,0
1768130053431,386,Soap Request,200,OK,Number of Users 1-5,text,true,,752,557,5,5,https://deckofcardsapi.com/api/deck/new/shuffle/?deck_count=1,386,0,0
1768130053799,382,Soap Request,200,OK,Number of Users 1-4,text,true,,756,557,5,5,https://deckofcardsapi.com/api/deck/new/shuffle/?deck_count=1,382,0,0
1768130053799,400,Soap Request,200,OK,Number of Users 1-2,text,true,,754,557,5,5,https://deckofcardsapi.com/api/deck/new/shuffle/?deck_count=1,400,0,0
1768130053799,409,Soap Request,200,OK,Number of Users 1-1,text,true,,756,557,5,5,https://deckofcardsapi.com/api/deck/new/shuffle/?deck_count=1,409,0,0
1768130053818,407,Soap Request,200,OK,Number of Users 1-5,text,true,,754,557,5,5,https://deckofcardsapi.com/api/deck/new/shuffle/?deck_count=1,406,0,0
1768130053430,847,Soap Request,200,OK,Number of Users 1-3,text,true,,752,557,5,5,https://deckofcardsapi.com/api/deck/new/shuffle/?deck_count=1,846,0,0
1768130054200,390,Soap Request,200,OK,Number of Users 1-2,text,true,,754,557,5,5,https://deckofcardsapi.com/api/deck/new/shuffle/?deck_count=1,390,0,0
1768130054209,389,Soap Request,200,OK,Number of Users 1-1,text,true,,748,557,5,5,https://deckofcardsapi.com/api/deck/new/shuffle/?deck_count=1,389,0,0
1768130054225,388,Soap Request,200,OK,Number of Users 1-5,text,true,,754,557,5,5,https://deckofcardsapi.com/api/deck/new/shuffle/?deck_count=1,388,0,0
1768130054182,448,Soap Request,200,OK,Number of Users 1-4,text,true,,754,557,5,5,https://deckofcardsapi.com/api/deck/new/shuffle/?deck_count=1,448,0,0
1768130054630,384,Soap Request,200,OK,Number of Users 1-4,text,true,,750,557,5,5,https://deckofcardsapi.com/api/deck/new/shuffle/?deck_count=1,384,0,0
1768130054590,428,Soap Request,200,OK,Number of Users 1-2,text,true,,750,557,5,5,https://deckofcardsapi.com/api/deck/new/shuffle/?deck_count=1,428,0,0
1768130054614,414,Soap Request,200,OK,Number of Users 1-5,text,true,,756,557,5,5,https://deckofcardsapi.com/api/deck/new/shuffle/?deck_count=1,414,0,0
1768130054599,430,Soap Request,200,OK,Number of Users 1-1,text,true,,750,557,5,5,https://deckofcardsapi.com/api/deck/new/shuffle/?deck_count=1,430,0,0
1768130054277,836,Soap Request,200,OK,Number of Users 1-3,text,true,,754,557,5,5,https://deckofcardsapi.com/api/deck/new/shuffle/?deck_count=1,836,0,0
1768130055018,386,Soap Request,200,OK,Number of Users 1-2,text,true,,758,557,5,5,https://deckofcardsapi.com/api/deck/new/shuffle/?deck_count=1,386,0,0
1768130055028,419,Soap Request,200,OK,Number of Users 1-5,text,true,,752,557,5,5,https://deckofcardsapi.com/api/deck/new/shuffle/?deck_count=1,419,0,0
1768130055029,423,Soap Request,200,OK,Number of Users 1-1,text,true,,750,557,5,5,https://deckofcardsapi.com/api/deck/new/shuffle/?deck_count=1,423,0,0
1768130055404,388,Soap Request,200,OK,Number of Users 1-2,text,true,,752,557,5,5,https://deckofcardsapi.com/api/deck/new/shuffle/?deck_count=1,388,0,0
1768130055448,391,Soap Request,200,OK,Number of Users 1-5,text,true,,756,557,5,5,https://deckofcardsapi.com/api/deck/new/shuffle/?deck_count=1,391,0,0
1768130055452,394,Soap Request,200,OK,Number of Users 1-1,text,true,,756,557,5,5,https://deckofcardsapi.com/api/deck/new/shuffle/?deck_count=1,394,0,0
1768130055015,895,Soap Request,200,OK,Number of Users 1-4,text,true,,756,557,5,5,https://deckofcardsapi.com/api/deck/new/shuffle/?deck_count=1,895,0,0
1768130055113,830,Soap Request,200,OK,Number of Users 1-3,text,true,,752,557,5,5,https://deckofcardsapi.com/api/deck/new/shuffle/?deck_count=1,830,0,0
1768130055839,390,Soap Request,200,OK,Number of Users 1-5,text,true,,754,557,5,5,https://deckofcardsapi.com/api/deck/new/shuffle/?deck_count=1,390,0,0
1768130055846,389,Soap Request,200,OK,Number of Users 1-1,text,true,,756,557,5,5,https://deckofcardsapi.com/api/deck/new/shuffle/?deck_count=1,389,0,0
1768130055910,427,Soap Request,200,OK,Number of Users 1-4,text,true,,752,557,5,5,https://deckofcardsapi.com/api/deck/new/shuffle/?deck_count=1,426,0,0
1768130055943,451,Soap Request,200,OK,Number of Users 1-3,text,true,,752,557,5,5,https://deckofcardsapi.com/api/deck/new/shuffle/?deck_count=1,451,0,0
1768130056230,373,Soap Request,200,OK,Number of Users 1-5,text,true,,756,557,5,5,https://deckofcardsapi.com/api/deck/new/shuffle/?deck_count=1,373,0,0
1768130056235,374,Soap Request,200,OK,Number of Users 1-1,text,true,,760,557,5,5,https://deckofcardsapi.com/api/deck/new/shuffle/?deck_count=1,374,0,0
1768130055793,863,Soap Request,200,OK,Number of Users 1-2,text,true,,754,557,5,5,https://deckofcardsapi.com/api/deck/new/shuffle/?deck_count=1,862,0,0
1768130056603,381,Soap Request,200,OK,Number of Users 1-5,text,true,,760,557,5,5,https://deckofcardsapi.com/api/deck/new/shuffle/?deck_count=1,381,0,0
1768130056609,384,Soap Request,200,OK,Number of Users 1-1,text,true,,752,557,5,5,https://deckofcardsapi.com/api/deck/new/shuffle/?deck_count=1,384,0,0
1768130056656,375,Soap Request,200,OK,Number of Users 1-2,text,true,,752,557,5,5,https://deckofcardsapi.com/api/deck/new/shuffle/?deck_count=1,375,0,0
1768130056337,829,Soap Request,200,OK,Number of Users 1-4,text,true,,756,557,5,5,https://deckofcardsapi.com/api/deck/new/shuffle/?deck_count=1,829,0,0
1768130056394,833,Soap Request,200,OK,Number of Users 1-3,text,true,,756,557,5,5,https://deckofcardsapi.com/api/deck/new/shuffle/?deck_count=1,833,0,0
1768130056984,384,Soap Request,200,OK,Number of Users 1-5,text,true,,748,557,5,5,https://deckofcardsapi.com/api/deck/new/shuffle/?deck_count=1,384,0,0
1768130057031,382,Soap Request,200,OK,Number of Users 1-2,text,true,,754,557,5,5,https://deckofcardsapi.com/api/deck/new/shuffle/?deck_count=1,382,0,0
1768130057368,380,Soap Request,200,OK,Number of Users 1-5,text,true,,756,557,5,5,https://deckofcardsapi.com/api/deck/new/shuffle/?deck_count=1,380,0,0
1768130057414,364,Soap Request,200,OK,Number of Users 1-2,text,true,,754,557,5,5,https://deckofcardsapi.com/api/deck/new/shuffle/?deck_count=1,364,0,0
1768130056994,870,Soap Request,200,OK,Number of Users 1-1,text,true,,756,557,5,5,https://deckofcardsapi.com/api/deck/new/shuffle/?deck_count=1,870,0,0
1768130057748,363,Soap Request,200,OK,Number of Users 1-5,text,true,,756,557,5,5,https://deckofcardsapi.com/api/deck/new/shuffle/?deck_count=1,363,0,0
1768130057778,367,Soap Request,200,OK,Number of Users 1-2,text,true,,764,557,5,5,https://deckofcardsapi.com/api/deck/new/shuffle/?deck_count=1,367,0,0
1768130057865,373,Soap Request,200,OK,Number of Users 1-1,text,true,,752,557,5,5,https://deckofcardsapi.com/api/deck/new/shuffle/?deck_count=1,373,0,0
1768130058111,382,Soap Request,200,OK,Number of Users 1-5,text,true,,752,557,5,5,https://deckofcardsapi.com/api/deck/new/shuffle/?deck_count=1,382,0,0
1768130058145,384,Soap Request,200,OK,Number of Users 1-2,text,true,,760,557,5,5,https://deckofcardsapi.com/api/deck/new/shuffle/?deck_count=1,384,0,0
1768130058239,412,Soap Request,200,OK,Number of Users 1-1,text,true,,754,557,5,5,https://deckofcardsapi.com/api/deck/new/shuffle/?deck_count=1,412,0,0
1768130058494,386,Soap Request,200,OK,Number of Users 1-5,text,true,,752,557,5,5,https://deckofcardsapi.com/api/deck/new/shuffle/?deck_count=1,386,0,0
1768130058529,380,Soap Request,200,OK,Number of Users 1-2,text,true,,754,557,5,5,https://deckofcardsapi.com/api/deck/new/shuffle/?deck_count=1,380,0,0
1768130057166,1786,Soap Request,200,OK,Number of Users 1-4,text,true,,748,557,5,5,https://deckofcardsapi.com/api/deck/new/shuffle/?deck_count=1,1786,0,0
1768130057228,1761,Soap Request,200,OK,Number of Users 1-3,text,true,,756,557,5,5,https://deckofcardsapi.com/api/deck/new/shuffle/?deck_count=1,1761,0,0
1768130058652,377,Soap Request,200,OK,Number of Users 1-1,text,true,,750,557,5,5,https://deckofcardsapi.com/api/deck/new/shuffle/?deck_count=1,377,0,0
1768130058881,354,Soap Request,200,OK,Number of Users 1-5,text,true,,758,557,5,5,https://deckofcardsapi.com/api/deck/new/shuffle/?deck_count=1,354,0,0
1768130058909,353,Soap Request,200,OK,Number of Users 1-2,text,true,,758,557,5,5,https://deckofcardsapi.com/api/deck/new/shuffle/?deck_count=1,353,0,0
1768130058953,354,Soap Request,200,OK,Number of Users 1-4,text,true,,758,557,5,5,https://deckofcardsapi.com/api/deck/new/shuffle/?deck_count=1,354,0,0
1768130059029,348,Soap Request,200,OK,Number of Users 1-1,text,true,,758,557,5,5,https://deckofcardsapi.com/api/deck/new/shuffle/?deck_count=1,348,0,0
1768130059236,369,Soap Request,200,OK,Number of Users 1-5,text,true,,752,557,5,5,https://deckofcardsapi.com/api/deck/new/shuffle/?deck_count=1,369,0,0
1768130059263,356,Soap Request,200,OK,Number of Users 1-2,text,true,,754,557,5,5,https://deckofcardsapi.com/api/deck/new/shuffle/?deck_count=1,356,0,0
1768130059377,363,Soap Request,200,OK,Number of Users 1-1,text,true,,752,557,5,5,https://deckofcardsapi.com/api/deck/new/shuffle/?deck_count=1,363,0,0
1768130059307,451,Soap Request,200,OK,Number of Users 1-4,text,true,,758,557,5,5,https://deckofcardsapi.com/api/deck/new/shuffle/?deck_count=1,451,0,0
1768130058989,824,Soap Request,200,OK,Number of Users 1-3,text,true,,758,557,5,5,https://deckofcardsapi.com/api/deck/new/shuffle/?deck_count=1,824,0,0
1768130059606,370,Soap Request,200,OK,Number of Users 1-5,text,true,,762,557,5,5,https://deckofcardsapi.com/api/deck/new/shuffle/?deck_count=1,369,0,0
1768130059621,373,Soap Request,200,OK,Number of Users 1-2,text,true,,752,557,5,5,https://deckofcardsapi.com/api/deck/new/shuffle/?deck_count=1,373,0,0
1768130059741,374,Soap Request,200,OK,Number of Users 1-1,text,true,,760,557,5,5,https://deckofcardsapi.com/api/deck/new/shuffle/?deck_count=1,374,0,0
1768130059760,365,Soap Request,200,OK,Number of Users 1-4,text,true,,760,557,5,5,https://deckofcardsapi.com/api/deck/new/shuffle/?deck_count=1,365,0,0
1768130059814,436,Soap Request,200,OK,Number of Users 1-3,text,true,,754,557,5,5,https://deckofcardsapi.com/api/deck/new/shuffle/?deck_count=1,436,0,0
1768130059976,375,Soap Request,200,OK,Number of Users 1-5,text,true,,758,557,5,5,https://deckofcardsapi.com/api/deck/new/shuffle/?deck_count=1,375,0,0
1768130059994,381,Soap Request,200,OK,Number of Users 1-2,text,true,,756,557,5,5,https://deckofcardsapi.com/api/deck/new/shuffle/?deck_count=1,381,0,0
1768130060116,400,Soap Request,200,OK,Number of Users 1-1,text,true,,748,557,5,5,https://deckofcardsapi.com/api/deck/new/shuffle/?deck_count=1,400,0,0
1768130060351,394,Soap Request,200,OK,Number of Users 1-5,text,true,,756,557,5,5,https://deckofcardsapi.com/api/deck/new/shuffle/?deck_count=1,394,0,0
1768130060375,408,Soap Request,200,OK,Number of Users 1-2,text,true,,758,557,5,5,https://deckofcardsapi.com/api/deck/new/shuffle/?deck_count=1,408,0,0
1768130060516,386,Soap Request,200,OK,Number of Users 1-1,text,true,,762,557,5,5,https://deckofcardsapi.com/api/deck/new/shuffle/?deck_count=1,386,0,0
1768130060126,836,Soap Request,200,OK,Number of Users 1-4,text,true,,752,557,5,5,https://deckofcardsapi.com/api/deck/new/shuffle/?deck_count=1,836,0,0
1768130060251,798,Soap Request,200,OK,Number of Users 1-3,text,true,,758,557,5,5,https://deckofcardsapi.com/api/deck/new/shuffle/?deck_count=1,798,0,0
1768130060747,423,Soap Request,200,OK,Number of Users 1-5,text,true,,754,557,5,5,https://deckofcardsapi.com/api/deck/new/shuffle/?deck_count=1,423,0,0
1768130060784,401,Soap Request,200,OK,Number of Users 1-2,text,true,,750,557,5,5,https://deckofcardsapi.com/api/deck/new/shuffle/?deck_count=1,401,0,0
1768130060903,382,Soap Request,200,OK,Number of Users 1-1,text,true,,756,557,5,5,https://deckofcardsapi.com/api/deck/new/shuffle/?deck_count=1,382,0,0
1768130060962,422,Soap Request,200,OK,Number of Users 1-4,text,true,,752,557,5,5,https://deckofcardsapi.com/api/deck/new/shuffle/?deck_count=1,422,0,0
1768130061049,416,Soap Request,200,OK,Number of Users 1-3,text,true,,756,557,5,5,https://deckofcardsapi.com/api/deck/new/shuffle/?deck_count=1,416,0,0
1768130061170,383,Soap Request,200,OK,Number of Users 1-5,text,true,,754,557,5,5,https://deckofcardsapi.com/api/deck/new/shuffle/?deck_count=1,383,0,0
1768130061186,383,Soap Request,200,OK,Number of Users 1-2,text,true,,758,557,5,5,https://deckofcardsapi.com/api/deck/new/shuffle/?deck_count=1,383,0,0
1768130061286,385,Soap Request,200,OK,Number of Users 1-1,text,true,,750,557,5,5,https://deckofcardsapi.com/api/deck/new/shuffle/?deck_count=1,385,0,0
1768130061553,367,Soap Request,200,OK,Number of Users 1-5,text,true,,760,557,5,5,https://deckofcardsapi.com/api/deck/new/shuffle/?deck_count=1,367,0,0
1768130061465,462,Soap Request,200,OK,Number of Users 1-3,text,true,,752,557,5,5,https://deckofcardsapi.com/api/deck/new/shuffle/?deck_count=1,462,0,0
1768130061569,372,Soap Request,200,OK,Number of Users 1-2,text,true,,754,557,5,5,https://deckofcardsapi.com/api/deck/new/shuffle/?deck_count=1,372,0,0
1768130061671,380,Soap Request,200,OK,Number of Users 1-1,text,true,,760,557,5,5,https://deckofcardsapi.com/api/deck/new/shuffle/?deck_count=1,380,0,0
1768130061384,835,Soap Request,200,OK,Number of Users 1-4,text,true,,756,557,5,5,https://deckofcardsapi.com/api/deck/new/shuffle/?deck_count=1,835,0,0
1768130061920,370,Soap Request,200,OK,Number of Users 1-5,text,true,,756,557,5,5,https://deckofcardsapi.com/api/deck/new/shuffle/?deck_count=1,370,0,0
1768130061942,383,Soap Request,200,OK,Number of Users 1-2,text,true,,754,557,5,5,https://deckofcardsapi.com/api/deck/new/shuffle/?deck_count=1,383,0,0
1768130062051,371,Soap Request,200,OK,Number of Users 1-1,text,true,,754,557,5,5,https://deckofcardsapi.com/api/deck/new/shuffle/?deck_count=1,371,0,0
1768130062290,404,Soap Request,200,OK,Number of Users 1-5,text,true,,756,557,5,5,https://deckofcardsapi.com/api/deck/new/shuffle/?deck_count=1,404,0,0
1768130062326,389,Soap Request,200,OK,Number of Users 1-2,text,true,,748,557,5,5,https://deckofcardsapi.com/api/deck/new/shuffle/?deck_count=1,389,0,0
1768130061927,854,Soap Request,200,OK,Number of Users 1-3,text,true,,758,557,5,5,https://deckofcardsapi.com/api/deck/new/shuffle/?deck_count=1,854,0,0
1768130062423,406,Soap Request,200,OK,Number of Users 1-1,text,true,,758,557,5,5,https://deckofcardsapi.com/api/deck/new/shuffle/?deck_count=1,406,0,0
1768130062694,383,Soap Request,200,OK,Number of Users 1-5,text,true,,758,557,5,5,https://deckofcardsapi.com/api/deck/new/shuffle/?deck_count=1,383,0,0
1768130062219,867,Soap Request,200,OK,Number of Users 1-4,text,true,,748,557,5,5,https://deckofcardsapi.com/api/deck/new/shuffle/?deck_count=1,867,0,0
1768130062715,386,Soap Request,200,OK,Number of Users 1-2,text,true,,754,557,5,5,https://deckofcardsapi.com/api/deck/new/shuffle/?deck_count=1,386,0,0
1768130062829,375,Soap Request,200,OK,Number of Users 1-1,text,true,,754,557,5,5,https://deckofcardsapi.com/api/deck/new/shuffle/?deck_count=1,375,0,0
1768130062782,473,Soap Request,200,OK,Number of Users 1-3,text,true,,758,557,5,5,https://deckofcardsapi.com/api/deck/new/shuffle/?deck_count=1,473,0,0
1768130063077,401,Soap Request,200,OK,Number of Users 1-5,text,true,,760,557,5,5,https://deckofcardsapi.com/api/deck/new/shuffle/?deck_count=1,401,0,0
1768130063101,386,Soap Request,200,OK,Number of Users 1-2,text,true,,750,557,5,5,https://deckofcardsapi.com/api/deck/new/shuffle/?deck_count=1,386,0,0
1768130063204,365,Soap Request,200,OK,Number of Users 1-1,text,true,,754,557,5,5,https://deckofcardsapi.com/api/deck/new/shuffle/?deck_count=1,365,0,0
1768130063086,499,Soap Request,200,OK,Number of Users 1-4,text,true,,758,557,5,5,https://deckofcardsapi.com/api/deck/new/shuffle/?deck_count=1,499,0,0
1768130063256,498,Soap Request,200,OK,Number of Users 1-3,text,true,,764,557,5,5,https://deckofcardsapi.com/api/deck/new/shuffle/?deck_count=1,498,0,0
1768130063479,367,Soap Request,200,OK,Number of Users 1-5,text,true,,762,557,5,5,https://deckofcardsapi.com/api/deck/new/shuffle/?deck_count=1,367,0,0
1768130063487,378,Soap Request,200,OK,Number of Users 1-2,text,true,,758,557,5,5,https://deckofcardsapi.com/api/deck/new/shuffle/?deck_count=1,378,0,0
1768130063569,372,Soap Request,200,OK,Number of Users 1-1,text,true,,750,557,5,5,https://deckofcardsapi.com/api/deck/new/shuffle/?deck_count=1,372,0,0
1768130063585,416,Soap Request,200,OK,Number of Users 1-4,text,true,,764,557,5,5,https://deckofcardsapi.com/api/deck/new/shuffle/?deck_count=1,416,0,0
1768130063847,374,Soap Request,200,OK,Number of Users 1-5,text,true,,754,557,5,5,https://deckofcardsapi.com/api/deck/new/shuffle/?deck_count=1,374,0,0
1768130063865,378,Soap Request,200,OK,Number of Users 1-2,text,true,,754,557,5,5,https://deckofcardsapi.com/api/deck/new/shuffle/?deck_count=1,378,0,0
1768130063942,378,Soap Request,200,OK,Number of Users 1-1,text,true,,758,557,5,5,https://deckofcardsapi.com/api/deck/new/shuffle/?deck_count=1,378,0,0
1768130063754,829,Soap Request,200,OK,Number of Users 1-3,text,true,,760,557,5,5,https://deckofcardsapi.com/api/deck/new/shuffle/?deck_count=1,829,0,0
1768130064221,397,Soap Request,200,OK,Number of Users 1-5,text,true,,754,557,5,5,https://deckofcardsapi.com/api/deck/new/shuffle/?deck_count=1,397,0,0
1768130064243,393,Soap Request,200,OK,Number of Users 1-2,text,true,,760,557,5,5,https://deckofcardsapi.com/api/deck/new/shuffle/?deck_count=1,393,0,0
1768130064320,386,Soap Request,200,OK,Number of Users 1-1,text,true,,752,557,5,5,https://deckofcardsapi.com/api/deck/new/shuffle/?deck_count=1,386,0,0
1768130064002,837,Soap Request,200,OK,Number of Users 1-4,text,true,,760,557,5,5,https://deckofcardsapi.com/api/deck/new/shuffle/?deck_count=1,837,0,0
1768130064618,387,Soap Request,200,OK,Number of Users 1-5,text,true,,754,557,5,5,https://deckofcardsapi.com/api/deck/new/shuffle/?deck_count=1,387,0,0
1768130064636,397,Soap Request,200,OK,Number of Users 1-2,text,true,,758,557,5,5,https://deckofcardsapi.com/api/deck/new/shuffle/?deck_count=1,397,0,0
1768130064706,381,Soap Request,200,OK,Number of Users 1-1,text,true,,754,557,5,5,https://deckofcardsapi.com/api/deck/new/shuffle/?deck_count=1,381,0,0
1768130064839,338,Soap Request,200,OK,Number of Users 1-4,text,true,,756,557,5,5,https://deckofcardsapi.com/api/deck/new/shuffle/?deck_count=1,338,0,0
1768130065005,377,Soap Request,200,OK,Number of Users 1-5,text,true,,754,557,5,5,https://deckofcardsapi.com/api/deck/new/shuffle/?deck_count=1,377,0,0
1768130065033,371,Soap Request,200,OK,Number of Users 1-2,text,true,,754,557,5,5,https://deckofcardsapi.com/api/deck/new/shuffle/?deck_count=1,371,0,0
1768130064584,839,Soap Request,200,OK,Number of Users 1-3,text,true,,750,557,5,5,https://deckofcardsapi.com/api/deck/new/shuffle/?deck_count=1,839,0,0
1768130065088,382,Soap Request,200,OK,Number of Users 1-1,text,true,,758,557,5,5,https://deckofcardsapi.com/api/deck/new/shuffle/?deck_count=1,382,0,0
1768130065177,518,Soap Request,200,OK,Number of Users 1-4,text,true,,760,557,5,5,https://deckofcardsapi.com/api/deck/new/shuffle/?deck_count=1,518,0,0
1768130065382,429,Soap Request,200,OK,Number of Users 1-5,text,true,,754,557,5,5,https://deckofcardsapi.com/api/deck/new/shuffle/?deck_count=1,429,0,0
1768130065405,412,Soap Request,200,OK,Number of Users 1-2,text,true,,756,557,5,5,https://deckofcardsapi.com/api/deck/new/shuffle/?deck_count=1,412,0,0
1768130065471,383,Soap Request,200,OK,Number of Users 1-1,text,true,,754,557,5,5,https://deckofcardsapi.com/api/deck/new/shuffle/?deck_count=1,383,0,0
1768130065811,395,Soap Request,200,OK,Number of Users 1-5,text,true,,756,557,5,5,https://deckofcardsapi.com/api/deck/new/shuffle/?deck_count=1,395,0,0
1768130065817,408,Soap Request,200,OK,Number of Users 1-2,text,true,,756,557,5,5,https://deckofcardsapi.com/api/deck/new/shuffle/?deck_count=1,408,0,0
1768130065855,385,Soap Request,200,OK,Number of Users 1-1,text,true,,754,557,5,5,https://deckofcardsapi.com/api/deck/new/shuffle/?deck_count=1,385,0,0
1768130065423,859,Soap Request,200,OK,Number of Users 1-3,text,true,,758,557,5,5,https://deckofcardsapi.com/api/deck/new/shuffle/?deck_count=1,859,0,0
1768130065695,871,Soap Request,200,OK,Number of Users 1-4,text,true,,756,557,5,5,https://deckofcardsapi.com/api/deck/new/shuffle/?deck_count=1,871,0,0
1768130066206,380,Soap Request,200,OK,Number of Users 1-5,text,true,,756,557,5,5,https://deckofcardsapi.com/api/deck/new/shuffle/?deck_count=1,380,0,0
1768130066225,379,Soap Request,200,OK,Number of Users 1-2,text,true,,756,557,5,5,https://deckofcardsapi.com/api/deck/new/shuffle/?deck_count=1,379,0,0
1768130066241,380,Soap Request,200,OK,Number of Users 1-1,text,true,,758,557,5,5,https://deckofcardsapi.com/api/deck/new/shuffle/?deck_count=1,380,0,0
1768130066282,463,Soap Request,200,OK,Number of Users 1-3,text,true,,752,557,5,5,https://deckofcardsapi.com/api/deck/new/shuffle/?deck_count=1,463,0,0
1768130066587,359,Soap Request,200,OK,Number of Users 1-5,text,true,,754,557,5,5,https://deckofcardsapi.com/api/deck/new/shuffle/?deck_count=1,359,0,0
1768130066604,356,Soap Request,200,OK,Number of Users 1-2,text,true,,754,557,5,5,https://deckofcardsapi.com/api/deck/new/shuffle/?deck_count=1,356,0,0
1768130066622,356,Soap Request,200,OK,Number of Users 1-1,text,true,,752,557,5,5,https://deckofcardsapi.com/api/deck/new/shuffle/?deck_count=1,356,0,0
1768130066566,468,Soap Request,200,OK,Number of Users 1-4,text,true,,762,557,5,5,https://deckofcardsapi.com/api/deck/new/shuffle/?deck_count=1,468,0,0
1768130066946,365,Soap Request,200,OK,Number of Users 1-5,text,true,,754,557,5,5,https://deckofcardsapi.com/api/deck/new/shuffle/?deck_count=1,365,0,0
1768130066960,387,Soap Request,200,OK,Number of Users 1-2,text,true,,754,557,5,5,https://deckofcardsapi.com/api/deck/new/shuffle/?deck_count=1,387,0,0
1768130066979,378,Soap Request,200,OK,Number of Users 1-1,text,true,,758,557,5,5,https://deckofcardsapi.com/api/deck/new/shuffle/?deck_count=1,378,0,0
1768130067035,353,Soap Request,200,OK,Number of Users 1-4,text,true,,754,557,5,5,https://deckofcardsapi.com/api/deck/new/shuffle/?deck_count=1,353,0,0
1768130066745,856,Soap Request,200,OK,Number of Users 1-3,text,true,,756,557,5,5,https://deckofcardsapi.com/api/deck/new/shuffle/?deck_count=1,856,0,0
1768130067311,376,Soap Request,200,OK,Number of Users 1-5,text,true,,758,557,5,5,https://deckofcardsapi.com/api/deck/new/shuffle/?deck_count=1,376,0,0
1768130067348,394,Soap Request,200,OK,Number of Users 1-2,text,true,,760,557,5,5,https://deckofcardsapi.com/api/deck/new/shuffle/?deck_count=1,393,0,0
1768130067357,387,Soap Request,200,OK,Number of Users 1-1,text,true,,750,557,5,5,https://deckofcardsapi.com/api/deck/new/shuffle/?deck_count=1,387,0,0
1768130067601,403,Soap Request,200,OK,Number of Users 1-3,text,true,,756,557,5,5,https://deckofcardsapi.com/api/deck/new/shuffle/?deck_count=1,403,0,0
1768130067687,384,Soap Request,200,OK,Number of Users 1-5,text,true,,762,557,5,5,https://deckofcardsapi.com/api/deck/new/shuffle/?deck_count=1,384,0,0
1768130067742,392,Soap Request,200,OK,Number of Users 1-2,text,true,,752,557,5,5,https://deckofcardsapi.com/api/deck/new/shuffle/?deck_count=1,392,0,0
1768130067744,395,Soap Request,200,OK,Number of Users 1-1,text,true,,754,557,5,5,https://deckofcardsapi.com/api/deck/new/shuffle/?deck_count=1,395,0,0
1768130068071,391,Soap Request,200,OK,Number of Users 1-5,text,true,,754,557,5,5,https://deckofcardsapi.com/api/deck/new/shuffle/?deck_count=1,391,0,0
1768130068134,380,Soap Request,200,OK,Number of Users 1-2,text,true,,762,557,5,5,https://deckofcardsapi.com/api/deck/new/shuffle/?deck_count=1,380,0,0
1768130068139,375,Soap Request,200,OK,Number of Users 1-1,text,true,,758,557,5,5,https://deckofcardsapi.com/api/deck/new/shuffle/?deck_count=1,375,0,0
1768130068462,363,Soap Request,200,OK,Number of Users 1-5,text,true,,760,557,5,5,https://deckofcardsapi.com/api/deck/new/shuffle/?deck_count=1,363,0,0
1768130068004,836,Soap Request,200,OK,Number of Users 1-3,text,true,,754,557,5,5,https://deckofcardsapi.com/api/deck/new/shuffle/?deck_count=1,836,0,0
1768130068515,415,Soap Request,200,OK,Number of Users 1-2,text,true,,754,557,5,5,https://deckofcardsapi.com/api/deck/new/shuffle/?deck_count=1,415,0,0
1768130068515,415,Soap Request,200,OK,Number of Users 1-1,text,true,,762,557,5,5,https://deckofcardsapi.com/api/deck/new/shuffle/?deck_count=1,415,0,0
1768130068825,379,Soap Request,200,OK,Number of Users 1-5,text,true,,754,557,5,5,https://deckofcardsapi.com/api/deck/new/shuffle/?deck_count=1,379,0,0
1768130067389,1821,Soap Request,200,OK,Number of Users 1-4,text,true,,756,557,5,5,https://deckofcardsapi.com/api/deck/new/shuffle/?deck_count=1,1821,0,0
1768130068930,392,Soap Request,200,OK,Number of Users 1-2,text,true,,754,557,5,5,https://deckofcardsapi.com/api/deck/new/shuffle/?deck_count=1,392,0,0
1768130068930,395,Soap Request,200,OK,Number of Users 1-1,text,true,,756,557,5,5,https://deckofcardsapi.com/api/deck/new/shuffle/?deck_count=1,395,0,0
1768130069205,399,Soap Request,200,OK,Number of Users 1-5,text,true,,756,557,5,5,https://deckofcardsapi.com/api/deck/new/shuffle/?deck_count=1,399,0,0
1768130069210,434,Soap Request,200,OK,Number of Users 1-4,text,true,,752,557,5,5,https://deckofcardsapi.com/api/deck/new/shuffle/?deck_count=1,434,0,0
1768130068841,806,Soap Request,200,OK,Number of Users 1-3,text,true,,750,557,5,5,https://deckofcardsapi.com/api/deck/new/shuffle/?deck_count=1,806,0,0
1768130069322,378,Soap Request,200,OK,Number of Users 1-2,text,true,,758,557,5,5,https://deckofcardsapi.com/api/deck/new/shuffle/?deck_count=1,378,0,0
1768130069325,390,Soap Request,200,OK,Number of Users 1-1,text,true,,754,557,5,5,https://deckofcardsapi.com/api/deck/new/shuffle/?deck_count=1,390,0,0
1768130069604,359,Soap Request,200,OK,Number of Users 1-5,text,true,,756,557,5,5,https://deckofcardsapi.com/api/deck/new/shuffle/?deck_count=1,359,0,0
1768130069700,351,Soap Request,200,OK,Number of Users 1-2,text,true,,748,557,4,4,https://deckofcardsapi.com/api/deck/new/shuffle/?deck_count=1,351,0,0
1768130069715,358,Soap Request,200,OK,Number of Users 1-1,text,true,,754,557,3,3,https://deckofcardsapi.com/api/deck/new/shuffle/?deck_count=1,358,0,0
1768130069644,821,Soap Request,200,OK,Number of Users 1-4,text,true,,764,557,2,2,https://deckofcardsapi.com/api/deck/new/shuffle/?deck_count=1,821,0,0
1768130069648,855,Soap Request,200,OK,Number of Users 1-3,text,true,,750,557,1,1,https://deckofcardsapi.com/api/deck/new/shuffle/?deck_count=1,855,0,0
